Date,ODA/PBARL_USD | USD/,ODA/PRICENPQ_USD | USD/,ODA/PWHEAMT_USD | USD/,ODA/PBEEF_USD | USD/,ODA/PPOULT_USD | USD/,ODA/PPORK_USD | USD/,ODA/PWOOLC_USD | USD/,ODA/PSALM_USD | USD/,ODA/PSHRI_USD | USD/,ODA/PFISH_USD | USD/,ODA/PCOFFOTM_USD | USD/,ODA/PCOCO_USD | USD/,ODA/PTEA_USD | USD/,ODA/PSUGAUSA_USD | USD/,ODA/PGNUTS_USD | USD/,ODA/PORANG_USD | USD/,ODA/PBANSOP_USD | USD/,ODA/PSUNO_USD | USD/,ODA/POLVOIL_USD | USD/,ODA/PPOIL_USD | USD/,ODA/PLOGSK_USD | USD/,ODA/PLOGORE_USD | USD/,ODA/PRUBB_USD | USD/,ODA/PCOTTIND_USD | USD/
19800131,66.58,395.0,175.63,136.36,33.9,72.42,553.12,7.45,13.34,986.56,168.67,3167.16,225.18,19.66,980.08,347.0,401.96,566.93,2271.72,547.05,146.08,84.39,68.82,88.72
19800229,66.58,399.0,172.7,134.55,32.55,65.53,568.15,7.6,12.68,1040.81,164.83,3236.82,233.09,24.69,1000.38,350.0,372.19,573.96,2256.48,555.32,159.57,80.25,75.31,97.21
19800331,69.9,415.0,163.51,118.0,31.83,65.0,552.75,7.4,12.79,960.43,184.38,3091.1,226.83,21.18,1009.4,338.0,422.91,535.28,2188.11,518.13,155.28,80.25,66.35,93.53
19800430,69.9,419.0,156.53,114.51,30.99,51.86,510.65,7.43,12.35,944.36,180.81,2910.1,221.81,22.67,1015.04,377.0,395.9,486.06,2081.17,504.91,152.79,87.5,60.55,90.56
19800531,68.24,433.0,161.3,110.5,30.66,54.9,524.93,7.69,12.02,1014.68,190.54,2585.8,229.61,31.89,1035.34,442.2,444.97,502.76,2044.54,482.6,162.74,87.5,60.39,88.4
19800630,64.93,442.0,157.63,113.89,31.28,62.47,532.95,8.02,11.46,972.49,181.41,2498.05,235.41,32.1,1043.23,480.0,342.41,493.97,2053.29,458.63,164.43,87.5,61.87,84.14
19800731,86.53,442.0,168.65,124.96,34.34,84.68,540.84,8.32,11.46,962.44,155.67,2464.77,222.29,28.75,992.48,415.0,351.78,555.5,2073.16,450.37,141.14,93.71,61.06,88.87
19800831,81.56,442.0,171.23,132.51,36.41,102.72,540.22,8.47,11.02,984.55,135.99,2312.21,226.04,33.14,1060.15,404.3,342.41,577.47,2063.71,428.06,134.52,82.84,63.55,96.37
19800930,78.24,442.0,179.68,129.15,37.97,101.18,553.75,8.57,10.14,1006.65,125.88,2386.06,209.75,35.03,1353.38,505.5,352.89,561.65,2092.63,420.62,159.13,73.0,66.09,101.12
19801031,88.18,442.0,188.13,129.83,38.45,108.96,529.69,8.51,10.36,1028.75,126.09,2305.37,203.66,41.7,1917.29,505.0,325.32,554.62,2131.47,418.97,105.06,67.82,64.53,98.69
19801130,103.22,463.0,195.11,133.25,37.03,112.69,525.93,8.35,10.36,1141.27,114.86,2173.76,223.57,39.28,2706.77,316.5,379.35,631.09,2267.24,483.42,107.98,71.97,64.22,98.03
19801231,94.88,470.0,182.62,124.77,36.7,102.33,528.19,7.98,10.25,1119.17,121.21,2109.82,216.25,30.29,2622.18,321.6,369.98,632.85,2210.02,514.0,109.44,73.0,62.66,99.16
19810131,92.52,470.0,189.6,121.73,35.9,92.77,527.31,7.75,10.25,1087.02,127.98,2093.07,217.38,29.57,2255.64,348.8,387.62,606.48,2218.43,516.48,112.35,70.41,62.18,99.51
19810228,94.17,480.0,181.51,116.75,36.7,93.33,512.03,7.37,10.58,1040.81,125.11,2040.82,222.84,26.07,1691.73,325.2,435.6,571.32,2058.95,528.87,109.12,67.82,59.81,95.85
19810331,89.2,505.0,175.27,113.3,36.01,76.68,502.76,7.39,11.24,1018.7,125.93,2115.77,221.72,23.81,1578.95,386.5,459.31,571.32,2033.04,512.35,106.78,69.38,57.28,91.72
19810430,82.58,515.0,180.41,114.8,35.14,92.34,496.62,7.27,11.57,1006.65,128.2,2109.6,216.14,19.91,1590.23,403.0,425.67,573.08,1991.44,485.9,102.29,66.79,52.12,88.65
19810531,82.58,519.0,171.59,112.95,33.75,85.2,492.23,7.02,11.79,1012.68,125.93,1933.01,208.2,17.43,1587.97,373.0,449.93,588.02,1908.1,494.99,104.56,68.34,52.84,87.51
19810630,70.92,535.0,168.65,110.48,34.37,105.26,495.12,6.9,11.57,974.5,111.94,1660.3,199.41,18.95,1382.71,378.8,388.18,608.24,1847.88,528.87,102.43,77.14,51.64,86.36
19810731,77.54,523.0,167.92,109.5,36.7,102.37,469.93,6.85,10.84,944.36,120.01,2048.31,186.55,19.1,1325.19,381.78,329.73,602.09,1810.64,495.82,91.62,73.0,46.87,85.27
19810831,75.89,498.0,170.12,109.5,35.72,110.38,492.36,6.92,10.35,882.07,124.09,2246.95,175.42,17.42,1233.83,444.25,305.47,565.17,1793.33,438.8,88.84,69.89,48.44,80.72
19810930,70.92,487.0,171.23,111.5,34.99,113.59,497.87,7.21,9.37,872.03,126.02,2337.12,179.87,15.49,1179.7,521.27,435.04,516.83,1908.12,420.62,88.2,69.38,48.11,77.24
19811031,73.59,455.0,168.65,110.38,34.41,105.3,480.21,7.33,9.37,813.76,136.41,2172.65,192.57,15.66,1103.01,505.63,389.28,506.28,1961.42,423.93,92.25,71.97,46.22,75.0
19811130,77.54,428.0,178.57,107.53,33.86,105.35,462.29,7.5,10.03,817.78,143.79,2056.47,201.11,16.28,1069.17,458.9,395.9,518.58,1981.61,413.18,102.43,80.77,44.79,72.01
19811231,69.26,379.0,176.0,107.04,33.72,95.83,456.03,7.48,10.8,801.7,141.67,2104.53,201.77,17.07,1019.55,341.6,416.3,512.43,1967.39,399.13,118.31,87.5,40.88,67.75
19820131,72.57,343.0,173.06,108.0,34.26,117.35,456.22,7.33,11.68,783.62,143.9,2188.09,202.76,18.16,1012.78,315.2,425.12,516.83,1943.31,414.84,120.11,96.82,41.21,69.97
19820228,75.89,324.0,170.86,108.0,34.81,126.94,460.41,7.15,12.35,741.42,155.0,2087.11,207.37,17.77,978.95,302.0,383.21,497.49,1876.79,436.32,109.64,94.34,39.89,69.98
19820331,70.92,325.0,168.65,108.0,34.59,124.9,466.59,7.06,13.01,717.31,144.83,1947.78,194.98,17.13,964.29,324.4,421.81,478.15,1872.15,418.97,107.8,95.55,39.78,70.44
19820430,70.22,312.5,169.76,109.0,34.45,139.41,441.37,6.97,13.23,717.31,141.4,1745.4,186.47,17.89,945.11,346.5,476.4,505.4,1855.74,420.62,105.16,97.8,40.22,71.15
19820531,76.21,299.0,167.55,109.5,34.92,151.54,455.31,7.09,14.11,727.36,137.0,1714.97,186.91,19.57,904.51,372.5,438.35,504.52,1926.29,422.27,107.5,91.92,40.69,76.69
19820630,71.87,292.0,155.79,108.0,35.32,143.5,426.96,6.81,14.11,699.23,141.02,1571.67,183.51,21.03,868.42,409.0,399.76,487.82,1835.88,408.22,96.34,90.58,38.24,75.64
19820731,58.56,290.0,151.75,101.0,35.68,158.28,419.7,6.61,14.11,673.11,131.11,1578.29,175.73,22.15,900.0,432.2,326.97,470.24,1815.52,347.9,96.1,88.32,37.66,78.47
19820831,59.26,287.0,152.49,101.7,34.37,178.24,419.7,6.27,14.11,642.97,132.83,1559.55,178.13,22.45,868.42,526.9,302.71,442.99,1833.8,327.24,95.17,86.3,38.25,76.4
19820930,54.92,270.0,152.85,110.0,34.56,172.53,416.44,6.15,14.77,640.96,136.73,1686.09,191.34,20.88,845.86,472.8,347.92,437.72,1818.29,314.02,95.63,85.26,38.7,72.82
19821031,50.27,254.0,146.61,112.5,34.15,141.55,404.04,5.99,14.77,655.02,141.18,1638.03,201.46,20.44,959.77,430.4,299.4,417.5,1841.25,293.36,91.88,83.9,38.6,70.21
19821130,50.27,258.0,155.06,112.5,33.57,135.52,388.63,6.0,15.21,729.37,137.86,1541.25,197.8,20.79,978.95,391.6,333.04,413.99,1855.08,299.14,95.18,81.21,37.5,69.04
19821231,53.59,266.0,159.83,112.5,32.88,138.57,397.65,6.2,15.21,801.7,133.79,1643.54,211.58,20.83,972.18,291.3,342.96,402.56,1995.19,310.71,102.77,81.21,36.1,69.26
19830131,53.59,260.0,164.98,103.6,33.14,151.54,390.38,6.21,15.21,882.07,128.53,1784.2,216.85,21.23,947.37,289.45,338.0,399.05,1800.11,307.41,100.25,78.52,37.2,71.88
19830228,57.92,270.0,164.24,108.0,33.79,137.57,378.1,6.17,15.43,849.92,125.87,1942.27,205.25,21.76,924.81,288.9,380.3,377.07,1851.85,303.28,80.01,74.39,42.81,74.32
19830331,56.9,282.0,166.08,113.1,33.83,122.98,384.87,6.11,15.43,807.73,124.27,1859.38,197.78,21.86,919.17,327.9,406.8,370.04,1924.12,311.54,77.38,73.37,48.05,79.11
19830430,66.9,282.0,167.18,115.4,32.74,122.63,419.19,6.14,13.78,884.08,123.96,1877.23,203.64,22.43,942.86,405.7,479.3,397.29,1912.01,346.25,80.4,75.21,51.45,80.22
19830531,63.59,280.0,160.2,115.1,33.28,113.63,427.96,6.17,14.33,878.05,128.15,2065.07,200.69,22.6,930.45,450.6,554.2,407.84,1918.76,356.99,85.17,84.86,47.74,81.96
19830630,66.58,269.0,151.75,111.9,34.08,114.36,413.81,5.89,14.55,863.99,126.4,2297.66,187.41,22.54,937.22,387.7,504.6,414.87,1918.09,325.59,82.27,82.66,49.0,86.01
19830731,64.93,260.0,147.34,111.5,35.25,111.75,408.04,5.7,14.55,870.02,127.86,2302.73,193.83,22.09,938.35,337.5,503.1,436.84,1911.52,351.21,81.71,79.58,51.4,88.44
19830831,76.59,275.0,152.49,112.5,35.86,124.82,410.3,5.46,14.55,908.19,129.31,2302.95,200.44,22.55,1071.43,349.85,464.1,575.72,1849.76,461.94,88.87,76.02,51.33,90.8
19830930,87.36,298.0,156.53,111.83,37.17,105.41,405.66,5.48,13.23,1010.67,132.56,2138.04,214.49,22.2,1466.17,437.0,418.9,667.13,1809.15,533.01,92.42,78.17,49.31,89.85
19831031,88.18,290.0,152.85,111.22,35.32,92.75,400.9,5.56,13.23,1024.73,141.28,2094.39,260.26,21.94,1437.97,458.7,411.5,635.49,1857.73,554.49,106.42,80.32,49.53,88.11
19831130,89.91,283.0,151.75,109.17,36.81,96.85,387.0,5.45,13.67,962.44,145.55,2219.61,347.84,21.8,1285.71,406.0,342.5,602.09,1855.4,546.23,108.11,78.6,50.27,89.12
19831231,78.24,273.0,153.59,104.74,38.92,101.56,388.25,5.3,12.57,968.47,146.54,2540.82,361.09,21.47,1263.16,339.1,342.4,602.96,1861.21,574.32,111.87,76.88,51.15,89.36
19840131,84.87,257.0,152.85,102.6,40.56,120.33,390.0,5.24,13.01,964.45,143.14,2621.95,428.75,21.51,1218.05,267.95,341.7,655.7,2086.83,723.07,111.87,77.52,51.5,87.8
19840229,84.87,253.0,150.65,106.1,41.83,103.0,416.44,5.39,13.01,936.32,145.72,2497.39,372.07,21.88,1082.71,245.63,416.52,605.6,1852.2,723.07,111.87,78.01,51.65,87.44
19840331,87.55,253.0,153.96,108.0,41.25,104.38,436.11,5.64,12.68,859.97,148.21,2536.19,367.2,22.03,1099.62,257.84,413.64,649.55,1847.49,698.28,126.49,74.62,50.95,88.43
19840430,92.52,256.0,157.26,112.0,40.99,112.11,428.79,5.67,12.68,807.73,150.4,2536.42,353.67,22.04,1071.43,241.79,414.5,725.14,1883.23,694.97,137.66,77.97,48.68,88.99
19840531,93.22,253.0,153.96,108.64,39.57,107.49,424.16,5.61,12.68,767.54,149.94,2677.51,355.45,22.01,1026.32,240.58,426.22,839.4,1842.19,785.87,140.47,77.46,44.33,88.88
19840630,89.91,256.0,149.91,105.83,39.68,127.21,409.12,5.54,12.68,747.45,146.66,2485.05,317.71,22.06,1040.98,317.7,458.89,784.03,1861.14,647.04,131.55,76.95,39.89,83.73
19840731,72.89,273.0,146.97,101.32,40.45,120.13,392.01,5.22,11.79,685.16,143.37,2216.52,287.61,21.89,947.37,408.8,366.63,682.07,1830.83,479.29,110.17,74.97,40.35,78.99
19840831,66.58,272.0,152.49,102.26,38.77,116.49,388.37,5.09,12.46,669.09,145.29,2213.66,293.13,21.72,789.47,507.9,339.62,643.4,1837.12,464.42,106.39,73.1,41.06,75.52
19840930,68.88,252.0,155.06,99.09,39.07,112.6,373.97,4.95,11.24,638.95,140.24,2311.1,341.72,21.7,710.53,561.5,378.93,645.15,1785.74,504.91,101.49,72.91,41.85,73.16
19841031,70.6,250.0,152.85,95.48,37.94,99.53,358.93,4.83,11.68,640.96,136.12,2257.31,361.89,21.55,738.72,499.92,308.87,617.03,1736.47,508.21,97.32,72.23,38.69,73.62
19841130,71.24,228.0,152.49,95.32,38.19,112.51,371.96,4.95,11.68,649.0,140.25,2255.11,343.13,21.39,812.03,361.81,269.0,638.12,1804.73,509.04,95.38,55.87,36.52,72.67
19841231,61.55,224.0,149.55,100.67,37.32,121.72,353.92,4.93,11.68,630.91,140.64,2140.47,325.73,21.1,784.96,317.3,299.22,599.45,1901.11,489.21,89.47,69.52,35.79,71.99
19850131,66.58,225.0,149.18,102.93,38.01,126.53,364.95,4.95,11.9,616.85,145.58,2219.61,315.33,20.72,769.17,237.16,376.27,579.23,1993.15,481.77,79.71,71.14,34.65,71.4
19850228,68.24,220.0,147.34,105.0,38.41,121.76,340.52,4.93,12.13,586.71,143.73,2273.4,279.72,20.48,750.0,280.1,442.36,588.9,1911.46,491.69,76.63,71.14,33.37,68.67
19850331,64.93,221.0,145.14,102.07,38.27,120.84,353.67,5.0,12.35,562.6,141.27,2232.4,243.02,20.92,766.92,364.4,453.7,580.99,1819.32,537.14,77.13,71.14,33.64,67.21
19850430,68.24,222.0,143.67,96.68,38.12,110.55,361.19,5.42,12.79,544.51,140.66,2240.78,219.12,20.97,833.46,433.7,484.41,617.91,1958.12,539.62,80.77,72.75,35.7,66.26
19850531,68.24,223.0,136.32,94.88,37.1,108.58,364.7,5.47,12.79,554.56,141.94,2129.0,165.59,21.09,866.17,435.4,457.51,598.57,1922.8,504.08,80.77,72.75,35.14,65.07
19850630,64.93,223.0,134.11,94.98,37.9,131.84,359.43,5.53,12.32,514.37,141.16,2091.74,164.07,21.27,857.14,436.3,380.5,576.6,1964.67,459.46,78.07,73.69,36.75,63.0
19850731,59.89,210.0,128.6,93.05,37.57,119.75,371.21,5.73,12.08,510.36,134.31,2209.91,156.44,21.23,750.0,449.2,320.5,549.35,2041.84,402.44,81.89,72.14,35.4,61.1
19850831,48.3,210.0,123.09,93.72,37.76,105.88,385.24,5.85,11.9,520.4,132.93,2275.39,158.75,20.59,770.0,508.7,421.9,558.6,2032.16,333.85,79.45,72.87,34.35,57.0
19850930,46.58,210.0,125.3,93.72,38.01,97.73,389.63,5.75,10.91,513.42,133.07,2342.19,161.91,19.51,770.0,508.64,361.5,558.6,1963.39,301.62,76.41,71.13,33.24,54.2
19851031,48.3,210.0,127.5,97.0,37.32,98.48,433.23,6.03,11.35,539.12,140.48,2363.13,173.46,18.68,726.52,451.6,278.3,512.34,1920.11,294.19,84.74,72.25,34.01,48.84
19851130,48.3,210.0,132.64,97.0,38.41,97.67,407.79,6.08,11.35,558.36,154.85,2297.66,177.52,18.89,720.0,357.7,275.0,633.33,1834.31,299.14,93.99,75.29,33.4,48.12
19851231,53.27,225.0,137.05,101.0,39.25,109.35,400.9,6.25,11.79,558.79,196.77,2379.45,165.46,19.89,720.0,318.0,284.9,665.0,1895.09,322.28,97.37,71.27,33.33,48.19
19860131,53.27,240.0,132.28,99.0,38.19,115.06,385.87,6.38,12.02,551.79,235.3,2323.67,180.18,20.67,665.22,318.75,329.0,637.74,1992.73,282.62,99.64,70.26,33.71,51.82
19860228,53.27,230.0,129.71,98.0,38.41,96.81,406.67,6.67,12.79,553.06,226.52,2218.51,188.8,21.01,632.0,322.22,386.4,533.11,2063.94,233.86,105.3,75.0,35.91,54.51
19860331,54.35,216.0,134.48,99.4,38.56,95.17,406.04,6.67,13.23,568.49,237.62,2107.18,201.5,20.95,616.19,338.09,499.9,473.99,2064.27,200.81,93.57,74.63,35.21,52.24
19860430,49.64,202.0,132.64,93.62,37.79,91.34,418.19,6.5,13.67,591.92,224.07,1989.67,201.22,20.85,616.36,364.29,577.6,474.28,2035.26,199.98,96.09,75.37,33.8,48.5
19860531,49.95,200.0,119.42,93.68,38.59,116.24,429.22,6.11,13.54,600.36,208.74,1905.67,188.89,20.88,722.73,373.55,387.5,488.24,2087.5,196.67,104.18,74.18,34.81,45.42
19860630,43.26,204.0,105.82,91.54,39.94,136.71,420.95,6.09,13.41,595.86,174.54,1905.67,175.51,20.99,720.95,399.37,345.0,472.29,2081.23,200.81,94.68,76.15,35.53,41.03
19860731,39.95,181.0,101.78,87.44,44.34,170.24,402.78,6.33,13.31,595.95,170.63,2022.3,176.26,20.97,841.74,426.08,330.7,433.83,2110.17,182.63,95.18,75.18,36.61,37.44
19860831,36.64,186.0,102.15,90.64,48.12,168.01,391.01,6.55,13.27,587.02,172.23,2068.0,190.68,20.87,1119.29,497.19,320.8,392.82,2158.13,162.79,93.01,79.94,38.26,37.03
19860930,39.95,173.0,103.62,94.88,45.65,139.07,416.94,6.61,13.01,580.9,198.36,2206.0,202.76,20.87,1108.64,497.19,423.8,390.51,2166.07,171.06,85.41,75.17,38.99,43.5
19861031,48.3,175.0,104.72,95.6,45.43,114.08,397.14,6.63,12.9,563.56,175.91,2073.0,207.32,21.08,1299.13,443.05,374.8,414.83,2177.59,224.77,84.31,76.2,39.98,51.23
19861130,55.56,174.0,105.09,97.0,44.74,118.48,406.67,6.5,12.9,562.78,154.63,2024.0,206.26,21.17,1066.25,380.93,293.8,427.02,2141.54,250.39,97.37,74.94,38.18,52.81
19861231,46.58,167.0,107.29,99.0,44.01,121.37,419.44,6.66,13.12,568.84,134.31,1976.0,194.81,21.12,860.0,364.06,311.4,424.88,2169.95,242.13,118.73,75.58,38.02,59.71
19870131,46.45,173.0,109.13,99.0,43.47,124.39,422.2,7.16,13.34,594.42,121.75,1976.0,197.78,21.5,780.45,365.01,421.6,420.3,2253.02,289.23,127.46,78.23,40.03,65.68
19870228,46.32,187.0,112.07,103.29,43.18,108.71,435.98,7.5,13.34,603.4,119.6,1965.0,184.05,21.76,617.5,361.34,461.9,414.67,2283.06,272.7,123.95,81.13,40.85,65.85
19870331,46.45,198.0,115.38,105.56,41.9,113.44,470.81,7.7,12.9,628.99,102.04,2011.0,183.2,21.76,566.14,349.65,449.2,404.66,2282.37,258.65,121.49,77.23,40.65,63.09
19870430,58.94,199.0,113.17,108.68,41.14,123.24,504.51,7.99,12.9,644.36,106.3,2072.0,149.53,21.86,555.73,397.68,350.5,437.86,2302.59,280.14,132.0,74.65,42.0,65.85
19870531,63.91,198.0,119.05,109.0,41.07,125.18,497.25,8.26,13.12,658.44,116.38,2068.0,144.15,22.01,565.71,500.46,454.7,499.43,2304.42,281.79,126.28,78.28,42.94,76.9
19870630,56.58,196.0,108.76,105.1,40.59,146.25,508.52,8.24,13.12,643.39,103.72,1997.0,134.05,22.06,580.0,570.93,382.5,498.32,2270.51,282.62,128.82,80.68,44.48,79.3
19870731,54.92,191.0,104.72,105.76,39.97,156.72,522.43,8.25,13.12,635.54,98.56,2127.1,153.25,22.07,580.0,514.81,435.4,485.46,2226.43,247.08,133.81,84.73,46.3,83.24
19870831,50.59,204.0,106.92,104.0,41.43,149.76,551.62,8.26,12.4,631.84,100.9,2022.0,158.35,21.88,580.0,520.98,338.4,437.45,2200.45,254.52,161.54,91.84,46.69,86.6
19870930,57.6,250.0,112.07,113.7,41.68,111.19,537.59,8.32,11.68,649.78,110.0,1988.0,160.21,21.88,580.0,509.93,354.4,422.32,2237.08,276.83,228.72,101.33,47.9,83.61
19871031,60.6,267.0,113.91,114.0,41.1,94.22,559.76,8.23,11.9,656.27,118.26,1913.0,184.91,21.69,580.0,472.94,270.1,447.94,2230.38,291.71,233.92,104.13,47.51,76.19
19871130,59.42,254.0,115.01,116.04,39.72,87.04,558.26,8.37,11.9,701.81,124.77,1938.0,192.41,21.75,580.0,464.51,410.1,440.17,2349.7,304.1,251.57,109.29,47.31,75.83
19871231,58.24,256.0,124.56,113.97,39.17,79.8,563.27,8.43,11.9,722.42,125.22,1896.0,207.03,21.76,580.0,443.57,388.0,492.35,2407.49,356.99,240.0,101.66,49.3,75.08
19880131,56.9,292.0,128.6,113.0,39.25,96.25,558.01,8.47,12.13,712.49,126.38,1973.0,212.32,21.83,614.29,392.7,448.1,543.31,2354.44,401.61,204.25,100.39,49.95,72.19
19880229,56.9,306.0,131.54,118.57,39.83,91.25,563.27,7.53,12.79,694.14,137.14,1799.0,193.7,22.1,645.95,385.27,485.6,509.08,2284.66,333.03,155.81,102.14,49.39,67.49
19880331,62.25,294.0,124.93,117.5,40.12,85.71,564.15,7.63,13.45,724.08,134.74,1685.0,191.66,22.16,645.0,414.03,525.8,485.51,2349.83,314.85,158.11,105.87,50.65,66.34
19880430,67.92,288.0,126.77,113.0,40.59,81.88,582.81,7.79,13.67,741.9,134.3,1649.0,184.29,22.16,595.0,468.26,482.3,509.98,2381.62,333.03,172.59,100.97,53.91,65.75
19880531,65.25,257.0,128.97,110.0,42.7,87.78,592.96,7.62,13.89,738.19,136.39,1698.0,170.76,22.13,595.0,448.9,558.3,516.6,2354.63,348.73,172.82,107.09,59.0,65.58
19880630,79.9,269.0,149.91,109.9,45.79,84.53,602.73,7.73,13.89,701.83,141.83,1624.0,166.29,22.54,595.0,439.55,595.2,616.64,2285.43,409.88,163.94,105.49,66.32,68.78
19880731,78.24,274.0,149.55,110.8,49.98,75.57,581.06,7.59,13.89,673.44,139.24,1610.0,146.2,23.43,744.76,395.63,416.7,799.21,2172.18,427.23,156.64,100.0,60.02,63.43
19880831,66.58,269.0,149.91,113.9,50.96,70.94,595.47,6.87,13.89,670.13,128.89,1448.0,148.12,21.9,646.09,403.34,358.3,695.57,2119.9,371.86,150.6,102.93,58.55,58.41
19880930,88.38,273.0,159.47,113.9,51.65,62.81,605.36,6.64,12.57,665.15,134.83,1239.0,164.59,21.77,650.0,532.97,534.6,666.15,2162.39,353.68,152.37,101.15,53.86,56.74
19881031,76.59,273.0,162.04,116.5,49.47,65.06,615.39,6.96,13.01,686.04,130.43,1304.0,181.34,21.74,637.14,585.45,420.5,627.3,2207.66,356.16,168.52,103.17,48.1,57.64
19881130,74.87,272.0,163.88,116.5,47.9,62.86,602.48,6.57,13.45,714.64,132.09,1473.0,192.64,21.7,636.82,533.47,410.6,587.85,2393.68,345.42,176.49,108.58,46.64,58.61
19881231,70.22,260.0,166.82,116.5,47.65,65.87,565.65,6.24,13.67,720.81,144.95,1503.0,195.76,21.99,684.09,441.31,501.6,584.97,2525.53,339.64,174.41,103.09,48.6,61.26
19890131,73.21,264.0,173.8,110.51,48.63,68.12,565.65,6.2,13.89,701.81,149.5,1435.0,193.03,21.88,752.95,423.39,427.1,569.5,2462.14,316.5,169.47,104.35,50.66,63.13
19890228,75.57,271.0,172.06,112.91,48.45,58.62,566.9,6.19,14.11,692.78,137.57,1483.89,181.69,22.07,774.25,372.61,492.7,542.69,2445.33,331.37,168.76,96.65,51.01,62.96
19890331,82.9,277.0,178.21,110.66,49.32,57.06,558.63,5.99,14.11,677.02,139.38,1413.0,178.0,22.12,767.83,416.98,700.0,585.68,2424.27,329.72,165.4,108.2,49.4,66.02
19890430,84.23,293.0,174.53,110.94,50.2,47.69,547.48,5.93,14.11,672.25,143.06,1290.0,171.83,22.3,775.75,448.22,720.9,593.59,2421.48,323.11,163.25,94.41,49.88,73.75
19890531,83.21,311.0,176.37,110.22,51.98,54.94,543.72,5.58,14.11,643.74,138.65,1205.0,169.1,22.45,795.65,454.27,658.6,628.51,2328.63,335.5,155.85,104.73,46.26,77.34
19890630,67.92,331.0,168.65,110.48,52.63,58.21,517.42,5.33,13.01,614.32,123.21,1252.0,176.81,22.99,864.55,454.1,526.9,622.75,2269.0,308.23,172.45,98.95,42.9,78.86
19890731,74.87,351.0,166.82,113.07,51.54,57.08,526.31,5.03,13.01,642.39,85.91,1351.49,193.73,23.56,839.52,430.3,448.1,646.6,2399.15,273.53,176.21,104.89,42.87,83.01
19890831,73.21,332.0,164.24,115.58,51.21,53.64,512.4,4.81,11.57,629.51,77.4,1292.0,184.0,23.57,739.78,491.1,510.4,627.55,2368.74,255.35,175.72,114.52,41.0,82.97
19890930,71.55,321.0,163.51,120.09,50.6,64.98,496.12,4.81,11.02,621.45,77.84,1140.0,214.74,23.5,747.14,502.31,517.0,612.67,2351.4,266.92,168.47,110.22,39.5,81.45
19891031,71.87,304.0,164.61,124.5,49.07,70.37,503.63,4.92,10.58,627.0,67.76,1064.0,261.53,23.14,777.27,474.0,551.2,624.12,2421.26,265.26,167.11,110.6,38.65,82.1
19891130,69.9,270.0,163.51,128.1,47.43,96.26,501.13,4.89,10.58,621.54,70.72,1010.0,235.31,23.24,798.18,436.34,512.6,623.26,2577.83,248.74,165.26,107.32,37.9,82.13
19891231,73.21,272.0,164.61,130.5,47.43,80.19,499.88,4.83,10.58,631.76,72.55,970.0,254.33,22.84,829.52,441.49,496.0,597.44,2843.95,220.64,160.1,119.66,37.89,77.62
19900131,75.57,276.0,167.92,126.31,47.83,93.15,501.13,5.2,9.59,652.06,75.83,995.0,252.93,23.05,864.35,456.54,589.7,588.04,2972.68,230.56,156.04,115.43,37.73,75.2
19900228,73.86,300.0,160.94,111.46,48.6,80.0,494.86,5.65,10.25,670.17,84.01,1022.0,211.29,22.88,823.75,409.71,644.9,608.48,3052.71,223.95,153.1,118.22,38.68,75.96
19900331,70.04,289.0,156.53,112.67,50.34,79.91,488.6,5.61,10.47,641.98,93.96,1131.0,192.6,23.58,795.91,443.7,538.5,618.08,2925.14,236.34,145.55,119.81,37.58,78.9
19900430,68.77,276.0,159.47,112.13,49.07,99.64,482.34,5.63,10.8,647.4,93.73,1336.0,194.81,23.79,761.43,495.05,584.2,609.51,2945.97,220.64,145.14,120.66,38.01,82.87
19900531,71.03,260.0,149.18,112.49,49.03,115.68,447.26,5.8,11.02,663.07,92.02,1443.0,187.02,23.59,768.48,584.76,494.4,621.77,3021.1,232.21,155.67,124.28,38.75,85.6
19900630,80.23,255.0,135.58,113.58,50.27,121.46,440.99,5.67,11.24,676.15,88.26,1330.0,181.49,23.31,767.38,599.86,529.1,612.37,3074.49,224.77,163.59,129.45,38.67,90.18
19900731,77.99,256.0,124.93,116.07,50.05,96.19,418.44,5.74,9.7,715.45,86.48,1346.0,189.79,23.42,778.18,567.27,625.6,589.29,3252.2,230.56,170.92,124.23,39.01,91.79
19900831,83.78,260.0,116.84,120.39,49.72,93.97,418.44,5.92,9.92,751.04,94.42,1284.0,174.55,23.26,963.04,591.42,546.4,581.15,3416.71,240.47,170.64,129.7,40.08,81.28
19900930,88.39,259.0,114.27,122.33,49.58,95.68,412.18,6.29,10.58,743.24,94.92,1371.0,185.25,23.23,1252.5,626.23,523.6,580.13,3383.62,234.69,170.65,129.78,40.62,81.28
19901031,88.16,281.0,114.64,117.26,48.67,113.63,394.64,6.35,11.57,584.5,91.41,1309.0,220.2,23.29,1780.43,644.07,490.7,594.23,3501.09,239.65,174.52,121.31,40.65,81.36
19901130,91.47,272.0,112.8,114.95,48.34,110.74,334.5,6.46,11.57,554.05,84.84,1352.0,228.6,23.15,1743.18,520.01,427.1,601.67,3535.09,274.35,161.48,130.5,40.74,82.43
19901231,89.81,264.0,113.17,115.56,47.5,106.5,328.24,6.5,11.57,517.15,89.89,1297.0,219.95,22.48,1488.1,434.11,496.0,638.16,3469.0,285.92,156.07,119.35,40.14,83.86
19910131,93.88,305.0,111.33,117.62,47.69,120.18,319.47,6.34,12.24,526.29,86.32,1242.0,236.19,21.8,1319.57,511.21,596.69,625.49,3480.7,288.4,155.69,126.14,39.38,83.71
19910228,92.04,326.0,113.91,123.96,48.78,106.67,323.23,6.41,12.9,611.24,89.57,1215.0,200.35,21.42,1668.75,501.48,693.77,593.75,3538.31,279.31,159.74,126.77,38.49,84.88
19910331,88.09,311.0,119.42,117.56,48.52,109.88,328.24,5.78,13.23,507.13,93.72,1211.0,184.74,21.43,1700.0,522.1,837.23,571.36,3295.73,287.58,151.92,122.87,37.76,84.23
19910430,85.15,286.0,120.89,118.44,47.9,107.66,365.82,5.37,13.23,510.41,92.27,1144.0,182.04,21.22,1543.18,500.87,779.13,556.47,3149.82,263.61,163.83,126.26,37.33,83.43
19910531,85.3,288.0,122.04,119.11,48.3,106.93,371.88,5.05,12.68,510.05,87.59,1063.4,173.49,21.28,982.61,488.45,632.63,566.7,3107.34,262.78,162.71,123.5,37.23,84.17
19910630,71.28,293.0,120.15,122.64,47.5,104.81,340.6,4.6,11.35,500.39,85.5,1041.48,163.71,21.4,1000.0,396.48,633.83,588.68,2965.84,257.0,192.81,121.46,37.94,83.84
19910731,72.27,306.0,118.21,121.87,48.6,92.26,337.48,4.5,9.48,501.56,82.81,996.86,152.35,21.25,938.04,517.36,401.9,579.22,2966.35,281.79,195.3,126.27,37.31,81.02
19910831,67.06,298.0,125.33,119.81,47.5,77.79,337.22,4.71,9.92,488.04,81.62,1136.35,162.12,21.77,826.14,572.02,478.5,575.61,3030.12,279.31,201.82,125.48,37.05,73.47
19910930,67.43,290.0,135.37,124.5,47.5,73.21,313.96,5.23,10.14,505.34,87.45,1273.32,174.29,22.05,750.0,559.21,366.86,600.46,3102.61,266.92,200.27,129.06,36.79,70.33
19911031,68.21,277.0,146.89,123.4,48.16,59.99,308.39,5.18,10.14,517.7,79.86,1304.4,185.85,21.78,740.43,493.05,448.11,600.84,3100.45,285.1,206.19,123.25,37.51,67.94
19911130,73.3,274.0,149.54,122.83,47.14,55.73,307.57,5.59,9.92,556.15,78.52,1316.94,197.07,21.76,714.76,599.72,440.92,605.13,3199.41,299.14,181.51,128.12,36.96,64.1
19911231,75.43,270.0,160.84,118.27,47.25,52.89,295.4,5.58,10.91,570.41,75.1,1366.61,198.63,21.48,650.0,589.46,403.97,581.66,3281.67,310.71,183.74,128.85,35.72,61.76
19920131,73.42,276.0,169.95,116.64,47.8,51.77,297.04,5.47,10.14,541.02,72.99,1281.57,175.28,21.38,661.96,504.74,569.73,554.58,3261.65,316.5,188.17,126.49,36.35,59.62
19920229,71.28,278.0,177.13,114.49,46.52,54.73,341.89,5.36,10.25,537.85,67.88,1191.05,162.51,21.58,675.0,439.12,606.27,525.67,3198.4,315.67,197.3,128.77,36.8,56.3
19920331,72.64,277.0,169.35,111.11,47.14,52.38,341.18,5.26,10.25,527.96,70.14,1127.96,165.44,21.36,660.23,432.59,606.3,566.88,3104.06,327.24,189.57,128.57,37.51,55.33
19920430,75.23,279.0,159.93,108.17,47.03,50.26,352.12,5.17,10.47,544.83,65.43,1045.48,192.87,21.36,645.45,509.86,418.99,582.81,3161.99,333.03,188.39,142.01,38.93,57.99
19920531,84.78,274.0,149.69,107.76,47.07,64.16,367.36,5.29,10.8,555.75,60.26,995.31,211.22,21.03,630.0,486.47,425.83,566.23,3259.13,323.94,188.53,142.98,39.3,60.59
19920630,84.89,266.0,148.67,105.9,47.54,60.98,364.88,4.91,10.91,533.52,58.38,962.63,201.56,20.89,632.73,472.24,404.45,581.52,3335.56,333.85,191.29,148.84,39.87,63.89
19920731,77.37,279.0,136.32,106.43,48.3,61.04,363.09,5.94,11.46,533.75,57.68,1105.24,206.41,21.09,660.0,552.16,432.54,568.6,3454.2,315.67,184.48,155.39,40.12,65.29
19920831,77.04,269.0,128.17,110.92,48.85,65.62,351.25,7.07,12.57,533.15,52.42,1182.11,221.06,21.29,660.0,572.61,620.71,543.49,3490.25,315.67,183.51,183.29,39.85,59.75
19920930,83.57,256.0,138.74,110.69,48.89,53.85,349.29,7.89,12.57,490.82,52.73,1118.93,221.01,21.55,640.0,560.26,511.7,554.74,3342.78,323.32,194.74,167.3,39.65,56.65
19921031,82.21,250.0,140.58,113.39,47.9,53.76,335.47,6.94,12.57,438.86,61.4,1071.48,200.79,21.63,640.0,497.76,389.6,567.98,2986.24,326.41,207.83,164.55,40.37,53.12
19921130,82.12,252.0,147.57,115.24,49.29,56.06,320.1,6.04,11.02,463.42,67.13,1076.38,203.64,21.38,640.0,418.69,380.03,568.19,2747.9,341.29,205.99,174.32,40.14,52.69
19921231,79.55,256.0,147.83,115.29,49.25,53.17,310.7,5.48,11.24,511.72,77.46,1034.9,235.12,21.08,646.52,424.39,310.85,565.48,2793.15,331.37,240.49,167.07,40.08,54.0
19930131,75.08,262.0,155.65,106.8,50.48,59.14,312.39,5.25,13.01,503.41,68.66,1035.57,239.49,20.76,670.0,426.06,524.92,582.52,2757.83,338.81,240.04,195.11,41.09,57.29
19930228,74.83,254.0,148.88,108.32,51.05,62.98,309.68,5.07,13.12,424.4,67.46,990.99,203.56,21.05,693.5,412.41,585.61,570.79,2587.66,351.21,286.7,194.37,40.57,60.55
19930331,75.16,230.0,147.9,114.59,52.18,65.6,309.67,4.93,13.34,422.92,62.77,977.32,190.48,21.57,772.61,364.46,659.0,574.59,2628.83,337.16,345.34,210.57,38.47,61.45
19930430,77.45,206.0,141.99,117.57,53.51,63.73,328.92,5.46,13.34,424.58,56.88,1010.75,177.75,21.69,780.0,380.62,563.7,607.14,2783.9,323.94,463.41,221.89,37.39,61.07
19930531,77.46,185.0,136.58,121.39,56.33,66.6,337.01,5.85,13.34,395.28,61.48,998.07,172.86,21.36,812.38,393.62,461.6,640.15,2787.13,305.76,520.81,243.97,36.94,60.17
19930630,75.3,189.0,121.82,124.49,55.93,68.31,327.79,5.79,13.34,376.43,61.99,941.69,166.67,21.39,931.82,376.71,389.56,649.86,2721.53,294.19,493.82,259.97,36.78,58.48
19930731,74.03,210.0,127.52,127.94,56.7,65.46,324.38,5.4,12.82,375.25,71.56,1058.64,165.19,21.89,930.0,404.36,350.73,695.05,2694.24,299.14,467.02,240.68,36.68,57.99
19930831,69.69,210.0,129.8,127.17,57.93,68.43,313.93,5.05,12.52,388.36,76.56,1087.17,166.61,21.94,945.45,443.43,316.91,698.11,2685.46,294.19,450.47,221.22,37.34,55.5
19930930,64.41,206.0,131.29,124.01,57.58,68.98,310.83,4.73,11.79,389.89,79.82,1263.3,180.02,21.96,1145.91,604.89,350.76,713.94,2743.6,290.88,384.0,213.85,37.33,55.16
19931031,60.95,257.0,135.96,121.06,55.67,66.79,316.62,4.35,11.9,387.33,75.05,1290.47,196.49,21.87,1150.0,621.42,330.69,756.53,2706.44,275.18,378.13,210.71,36.2,54.91
19931130,63.85,323.0,146.5,119.84,55.08,60.68,325.5,3.94,11.9,373.16,77.07,1321.78,182.2,21.87,1150.0,440.79,368.27,792.56,2665.22,297.7,333.36,203.69,36.7,54.91
19931231,68.31,315.0,158.65,111.66,53.67,57.53,320.03,4.31,12.02,393.21,80.0,1359.51,186.3,22.0,1150.0,321.16,414.56,904.84,2681.78,337.57,304.66,199.19,36.98,58.74
19940131,74.62,354.0,153.21,109.84,52.8,62.4,320.1,4.33,12.02,395.87,77.21,1263.63,164.45,22.0,1150.0,304.01,532.64,891.04,2686.82,334.68,294.8,215.5,36.7,67.94
19940228,72.29,363.0,147.04,113.11,53.62,67.84,338.13,4.49,12.02,398.37,82.16,1226.59,173.63,21.94,1150.0,340.1,666.9,792.11,2661.5,319.8,303.4,215.5,38.72,79.97
19940331,68.29,274.0,141.04,122.03,55.45,62.63,379.25,4.59,13.45,393.37,85.57,1307.19,186.5,21.95,958.26,464.44,505.62,770.2,2683.4,326.41,310.5,207.21,41.4,81.77
19940430,66.89,269.0,140.45,119.19,56.0,59.98,376.82,5.2,13.61,378.37,89.23,1244.0,186.31,22.04,940.0,358.15,496.04,757.89,2668.77,358.64,362.2,199.56,43.03,83.25
19940531,68.55,235.0,140.15,108.44,58.94,60.57,398.37,5.43,13.82,389.78,121.98,1378.69,183.96,22.18,905.0,415.79,375.77,756.99,2705.24,403.27,345.5,203.92,44.42,86.04
19940630,67.78,216.0,139.3,101.26,59.35,61.27,394.46,5.46,14.0,396.97,142.56,1458.95,196.7,22.45,870.0,436.65,250.51,722.05,2744.46,419.79,344.6,195.31,47.65,86.2
19940731,64.32,226.0,137.6,99.39,57.98,60.59,411.95,5.24,14.15,401.81,217.67,1555.87,181.78,22.73,870.0,537.29,446.17,660.62,3553.91,419.79,332.0,202.82,56.75,82.02
19940831,66.16,250.0,146.02,99.78,55.89,60.12,425.91,5.02,14.38,409.34,198.07,1551.17,183.82,21.89,870.0,543.97,407.38,643.35,3548.05,472.52,358.8,192.88,57.2,76.94
19940930,72.27,259.75,158.79,100.16,56.12,50.41,444.48,5.28,14.44,418.1,220.1,1486.26,201.2,21.78,870.0,539.22,438.41,667.0,3596.26,507.39,300.06,193.86,57.45,75.29
19941031,80.14,261.75,167.19,96.38,54.33,45.41,433.45,5.35,14.88,430.6,198.68,1447.71,190.79,21.52,870.0,434.87,323.8,647.48,3694.03,510.69,291.5,187.33,62.05,73.88
19941130,83.98,264.5,161.99,99.28,51.67,40.26,446.07,4.85,14.88,412.67,181.64,1430.62,178.32,21.57,829.09,329.21,296.87,685.25,3656.24,584.24,279.4,212.3,60.95,76.91
19941231,86.49,260.5,164.62,100.95,51.25,45.43,426.04,4.89,14.88,412.64,167.47,1397.51,172.36,22.31,770.0,232.38,537.38,688.39,3587.45,590.02,273.1,188.58,66.47,86.38
19950131,85.45,274.75,156.21,97.76,51.25,53.42,447.06,4.81,15.54,445.36,172.33,1467.56,163.56,22.66,770.0,351.1,358.25,669.09,3622.27,541.27,249.0,211.77,74.58,94.78
19950228,85.77,286.25,154.42,98.47,51.44,55.68,467.94,4.78,15.65,467.28,168.71,1510.63,169.04,22.67,770.0,418.38,580.09,641.4,3772.18,546.23,252.4,211.56,80.32,99.96
19950331,90.83,283.0,150.39,93.77,51.85,54.05,516.73,5.08,15.65,480.2,178.22,1484.93,172.09,22.46,774.78,448.61,397.79,645.48,4161.09,567.71,285.0,226.36,81.78,110.47
19950430,93.4,281.5,148.98,88.45,51.38,51.05,520.27,5.17,15.65,482.68,172.81,1463.97,167.97,22.78,779.75,556.42,385.81,620.75,4503.83,511.39,302.81,198.82,83.46,113.22
19950531,100.79,287.75,158.61,82.02,52.33,48.05,516.49,5.36,16.09,476.59,168.83,1448.41,164.39,23.1,777.83,561.9,393.0,613.22,4446.18,491.14,289.28,204.31,78.13,115.85
19950630,105.77,326.0,169.98,79.9,54.11,55.55,519.41,5.42,16.09,478.94,152.25,1437.17,145.5,23.53,812.73,654.87,368.9,641.14,4465.47,521.99,280.59,191.87,69.66,104.36
19950731,112.97,345.6,190.09,76.61,56.4,66.06,537.66,5.01,16.09,539.09,143.83,1360.76,143.37,24.47,818.1,686.7,535.41,671.05,4624.57,563.41,261.63,169.01,60.96,95.98
19950831,104.87,340.67,184.39,78.53,59.47,78.08,547.44,4.75,15.32,532.67,151.41,1410.49,150.37,23.49,791.3,608.39,520.0,643.0,4591.11,540.41,241.36,173.0,58.87,84.65
19950930,104.82,359.75,193.67,81.5,60.63,75.7,507.04,4.67,14.55,542.87,131.87,1395.08,163.39,23.23,800.0,537.55,520.0,627.38,4749.52,524.82,223.52,192.87,61.1,91.1
19951031,112.7,382.6,203.79,84.58,58.72,78.51,495.99,4.45,13.67,552.42,125.38,1394.64,176.91,22.97,898.18,546.21,433.21,629.64,4973.13,553.62,233.86,176.04,63.96,91.53
19951130,125.76,340.5,204.07,88.99,59.65,65.89,436.58,3.93,13.45,614.51,123.23,1435.9,173.62,22.6,924.55,564.24,440.92,600.91,5082.28,549.55,230.96,186.45,73.18,89.29
19951231,125.0,341.25,208.92,87.43,58.57,71.5,453.11,3.87,13.34,645.04,103.99,1380.96,179.66,22.71,882.86,443.23,407.85,577.48,5002.53,539.94,241.78,184.01,74.21,88.43
19960131,124.93,364.4,206.88,86.26,58.45,72.9,456.77,4.32,13.34,694.66,109.38,1349.11,174.42,22.39,852.17,417.53,413.37,568.74,5509.12,482.3,234.29,219.61,70.3,85.91
19960229,123.31,367.0,218.89,83.05,56.83,78.51,450.38,4.27,13.34,705.54,123.79,1370.55,177.03,22.62,835.24,434.47,590.84,567.05,6067.63,483.42,246.43,195.34,70.55,86.79
19960331,124.47,362.5,215.52,79.32,55.12,89.72,439.18,4.36,13.34,664.02,119.05,1338.6,168.66,22.57,829.05,474.39,500.0,549.67,6032.36,462.98,253.01,215.41,70.7,83.23
19960430,132.69,325.8,251.66,81.5,56.02,99.53,416.56,4.44,13.34,637.9,122.01,1457.33,172.37,22.58,811.36,528.79,605.17,594.95,5909.79,494.92,252.48,152.68,66.64,83.0
19960531,137.79,332.25,262.11,81.31,60.32,112.15,440.06,4.25,13.49,603.71,128.56,1524.44,176.12,22.59,813.91,520.09,535.72,617.91,5906.63,503.07,262.49,203.38,67.33,82.89
19960630,138.14,341.5,227.27,77.0,64.64,102.34,447.61,4.25,13.8,597.14,127.91,1537.56,171.24,22.49,800.0,559.05,484.58,585.35,6014.77,446.58,255.85,208.97,66.95,83.12
19960731,133.09,358.0,202.6,77.68,66.26,124.77,420.32,3.78,13.45,577.42,120.47,1490.38,160.17,21.8,803.48,527.45,425.05,567.83,5903.83,418.14,259.69,203.98,61.3,79.84
19960831,115.01,335.5,191.63,80.23,66.7,124.77,417.67,3.68,13.38,565.35,122.49,1501.72,167.97,22.35,793.18,527.25,405.65,565.86,5811.23,449.59,263.48,213.16,59.1,76.71
19960930,103.4,328.4,178.71,78.68,66.7,76.3,404.38,3.76,13.07,605.67,114.05,1475.95,187.38,22.38,797.14,528.42,396.39,561.95,5925.11,468.69,258.69,203.12,59.19,75.36
19961031,102.41,312.75,178.32,81.42,65.68,76.59,416.41,3.89,13.14,626.68,120.62,1477.58,183.51,22.37,806.96,473.7,375.45,517.57,6023.87,448.41,252.67,226.49,56.33,75.43
19961130,99.99,315.0,176.41,82.17,65.83,75.74,419.48,4.13,13.96,643.81,119.61,1465.54,189.37,22.12,794.76,474.99,426.59,515.29,6235.91,466.77,252.9,218.14,57.62,75.91
19961231,100.76,313.67,175.7,83.01,65.19,76.51,417.72,4.21,14.55,629.31,115.01,1474.23,197.74,22.1,784.09,433.88,476.2,512.55,6241.91,480.96,233.76,188.59,57.02,78.29
19970131,98.97,356.0,175.73,81.48,64.2,74.6,408.62,4.31,15.04,608.18,131.83,1428.79,189.36,21.88,756.52,424.6,668.51,527.39,6225.94,522.67,240.56,229.64,55.85,79.77
19970228,97.73,347.0,172.35,85.33,62.54,72.48,442.94,3.93,15.45,602.29,167.2,1373.28,193.57,21.87,750.75,406.73,787.29,522.15,5202.66,532.26,233.72,213.22,55.37,80.4
19970331,99.75,323.4,176.61,93.36,61.82,68.96,425.82,3.74,15.76,592.71,193.82,1521.88,213.18,21.81,800.48,419.62,766.57,533.33,4815.96,508.01,237.35,207.82,55.64,80.62
19970430,97.87,299.33,183.49,90.99,61.3,76.86,451.19,3.68,16.09,584.81,204.43,1570.61,240.29,21.73,883.18,451.19,607.73,533.27,4235.24,509.47,240.16,202.2,52.19,78.82
19970531,100.07,324.5,172.59,86.5,60.89,81.52,467.49,3.63,16.29,589.35,264.5,1568.3,252.76,21.7,955.45,470.14,414.36,551.73,4246.53,508.57,252.18,181.16,50.2,79.26
19970630,94.94,323.2,148.39,80.11,60.89,83.17,478.76,3.57,16.49,610.62,212.55,1693.62,224.81,21.63,930.95,439.75,468.92,534.19,3452.36,471.65,264.85,193.02,50.44,80.51
19970731,91.66,320.0,138.31,81.73,61.3,83.14,478.56,3.66,16.89,627.37,186.52,1677.43,244.77,22.03,909.57,515.5,457.87,523.61,3760.36,445.03,254.33,195.72,42.58,81.18
19970831,91.3,285.0,150.61,82.82,62.71,77.41,427.63,3.6,16.6,656.29,185.17,1649.19,257.76,22.23,906.67,571.51,408.84,532.9,3607.56,444.55,245.37,174.47,41.54,81.21
19970930,92.51,270.2,151.74,80.47,63.05,70.66,448.81,3.64,15.59,679.52,184.38,1765.58,247.53,22.29,914.55,547.13,449.59,550.77,3839.11,460.63,232.62,166.01,39.43,79.64
19971031,102.71,265.75,151.66,79.72,59.62,65.95,435.41,3.74,16.16,696.66,161.45,1741.1,252.51,22.25,943.91,493.47,381.22,591.3,3914.95,490.54,227.36,158.19,39.63,77.75
19971130,102.27,251.75,149.88,83.24,57.56,63.03,434.67,3.62,16.49,742.33,154.15,1696.37,264.69,21.9,895.0,414.98,435.08,652.0,3881.82,493.09,213.73,151.76,38.13,77.22
19971231,97.08,263.5,144.62,84.28,55.98,56.52,413.62,3.58,16.53,761.33,174.25,1738.75,265.05,21.89,843.48,352.94,424.72,630.04,3655.3,498.67,210.67,150.45,32.91,74.35
19980131,95.77,293.5,137.1,82.87,55.5,50.56,399.02,3.47,16.53,755.77,175.04,1670.67,317.37,21.85,807.27,361.63,453.04,629.32,3475.1,548.63,197.1,157.44,30.67,72.14
19980228,91.49,297.0,140.05,82.09,55.81,50.38,406.64,3.42,16.53,754.4,175.87,1643.23,329.13,21.79,770.0,394.7,438.54,637.45,3164.0,595.77,202.5,162.51,37.3,68.84
19980331,93.04,295.0,138.92,81.68,56.92,50.24,384.83,3.51,16.53,741.7,154.82,1721.06,261.48,21.74,744.09,408.36,455.8,661.73,3106.16,599.87,195.47,153.96,33.79,68.43
19980430,91.85,311.0,130.15,81.74,57.62,50.75,379.81,3.83,16.53,743.83,147.08,1720.16,234.06,22.14,740.0,443.83,780.39,687.27,3093.11,628.88,168.95,165.28,35.03,65.7
19980531,93.01,318.5,128.92,80.4,59.08,61.33,355.7,3.95,16.53,732.55,134.35,1781.41,190.3,22.31,739.52,448.75,679.56,747.71,3160.63,643.72,149.08,155.38,35.49,64.36
19980630,91.57,331.0,120.64,77.48,62.54,60.45,348.24,4.17,16.76,727.63,121.56,1723.35,218.15,22.43,803.18,457.59,659.53,717.0,3184.11,583.24,132.94,160.26,31.89,68.94
19980731,85.2,323.0,118.54,75.94,67.34,52.34,308.83,3.83,16.27,706.68,113.86,1712.24,226.2,22.67,892.61,542.93,457.18,701.87,3172.03,583.59,134.83,141.85,31.92,69.86
19980831,73.2,323.0,107.95,76.12,70.85,49.06,296.93,3.61,15.87,708.88,119.89,1682.5,237.75,22.22,946.19,506.8,353.94,658.52,3148.39,589.9,136.94,173.47,29.64,68.18
19980930,73.12,322.0,107.93,75.05,71.06,40.93,280.11,3.64,15.08,726.89,108.07,1685.86,225.25,21.93,841.36,499.06,355.32,651.5,3293.41,626.84,150.19,164.56,30.97,66.39
19981031,74.74,298.25,126.54,74.26,69.15,38.59,286.85,3.76,14.15,707.25,107.07,1647.52,209.8,21.66,752.27,433.0,333.7,643.45,3346.8,613.46,164.43,166.64,33.06,61.46
19981130,79.26,270.33,130.21,75.57,67.1,23.68,294.93,3.77,14.33,653.71,115.14,1599.91,206.75,21.83,754.76,428.24,561.46,639.48,3281.72,616.53,159.45,154.93,32.6,56.08
19981231,78.39,282.5,126.21,76.35,64.9,19.1,294.77,3.66,14.33,548.67,116.03,1524.12,206.5,22.19,750.0,383.92,377.76,607.43,3299.12,579.74,162.45,152.94,30.44,56.0
19990131,77.71,301.67,125.29,77.6,62.93,34.86,299.37,3.71,14.18,528.17,111.48,1455.79,225.0,22.41,734.29,417.37,489.78,570.67,3260.92,560.56,176.22,157.61,32.42,55.78
19990228,75.31,280.0,117.03,81.83,61.25,37.34,287.1,3.57,14.11,508.74,103.24,1411.14,225.25,22.34,704.0,403.97,447.86,481.7,3216.03,484.72,177.12,163.2,31.16,56.19
19990331,75.2,256.2,117.34,81.5,59.0,35.08,297.46,3.56,14.11,434.31,103.23,1313.89,231.75,22.54,712.61,439.64,448.9,454.26,3767.08,428.77,172.52,163.34,28.88,56.71
19990430,79.73,235.5,113.87,79.11,57.71,39.45,298.88,3.69,14.24,402.13,99.69,1177.89,236.75,22.6,717.27,447.14,417.13,475.73,3824.25,439.74,175.1,161.84,26.83,57.74
19990531,81.53,244.25,113.0,79.85,59.6,48.75,288.74,3.65,14.88,385.72,108.91,1059.24,222.0,22.65,757.14,444.25,331.49,491.9,3876.89,398.46,176.52,167.4,27.11,59.9
19990630,80.54,254.75,111.41,79.93,60.96,45.92,288.32,3.47,14.99,381.18,104.2,1162.91,207.25,22.62,804.09,484.44,284.88,462.64,3829.73,330.79,183.55,161.32,27.38,58.5
19990731,76.86,255.75,103.02,81.6,61.12,44.33,286.32,3.41,14.99,393.63,90.85,1113.24,205.6,22.6,798.64,460.27,343.92,436.86,3658.97,279.58,186.08,157.21,25.68,54.41
19990831,75.15,251.0,111.41,88.33,60.41,53.25,254.34,3.48,15.05,408.96,87.64,1003.57,209.0,21.28,749.55,492.36,352.21,460.23,3736.3,308.27,198.44,159.37,25.48,50.98
19990930,71.44,233.0,113.19,86.48,60.92,48.7,247.09,3.46,14.52,430.42,81.06,1060.56,239.0,20.12,766.82,471.85,353.94,464.32,3773.36,342.4,202.49,158.89,27.02,49.48
19991031,72.29,217.0,108.1,84.64,58.67,46.59,247.29,3.51,14.44,432.83,92.2,1021.54,280.0,19.43,769.05,517.99,328.73,437.71,3852.53,326.07,198.25,173.95,29.36,47.43
19991130,73.14,227.5,108.8,87.93,58.5,47.66,255.49,3.51,14.88,437.55,114.02,922.08,278.0,17.4,819.09,340.37,333.22,431.32,3709.49,315.97,198.59,170.76,33.59,46.21
19991231,72.36,231.0,102.16,88.88,58.5,50.94,267.26,3.81,14.88,453.7,123.56,918.75,228.68,17.67,819.13,339.07,354.97,430.22,3299.71,312.0,199.41,179.66,31.08,44.2
20000131,73.13,247.5,105.83,88.2,58.23,51.61,276.44,3.87,14.88,452.22,109.17,918.48,228.0,17.69,780.95,348.9,483.43,428.52,3553.8,301.79,193.08,177.31,29.21,47.43
20000229,73.36,243.0,108.41,89.05,57.62,54.91,260.07,3.9,14.88,448.56,101.65,860.74,234.25,17.08,823.81,323.59,580.11,405.52,3488.13,277.58,184.37,178.18,33.39,53.44
20000331,74.4,228.8,105.7,90.46,57.25,57.76,267.1,3.94,15.01,434.75,97.95,925.93,253.08,18.39,794.78,299.18,419.89,406.87,3443.88,294.39,190.85,177.67,30.94,57.3
20000430,76.95,217.0,105.11,90.05,57.25,66.95,273.81,4.01,15.1,423.79,92.56,911.95,249.4,19.41,808.0,337.49,481.7,436.0,3404.09,318.14,192.14,182.66,31.93,58.77
20000531,78.26,198.78,110.78,90.9,57.76,69.16,290.37,4.05,15.1,417.21,91.76,909.42,252.0,19.12,805.22,411.02,414.79,412.91,3243.64,283.17,191.61,181.06,31.2,60.5
20000630,78.48,197.86,113.51,88.06,59.12,69.5,293.98,4.01,15.1,452.82,84.1,948.23,240.64,19.06,785.45,426.49,412.98,373.23,2970.88,272.23,194.48,181.43,30.39,59.47
20000731,78.68,191.0,108.98,86.93,59.76,66.59,302.36,4.06,15.1,471.25,84.67,967.11,247.0,18.83,765.24,401.78,307.81,353.86,2669.99,266.54,191.54,174.28,29.4,58.39
20000831,75.13,187.09,108.28,86.39,60.17,59.49,289.92,3.83,15.1,461.6,74.52,877.79,261.35,18.88,763.91,392.32,347.11,352.65,2666.9,257.15,191.17,183.16,30.31,60.89
20000930,73.21,178.14,117.49,82.69,61.7,57.16,283.27,3.24,15.03,462.45,73.83,882.73,262.43,19.57,772.38,364.71,426.86,354.86,2567.81,239.79,193.6,191.6,29.81,61.64
20001031,76.15,186.73,128.22,82.88,61.53,54.89,279.87,2.94,15.21,457.12,75.37,877.72,253.0,21.59,744.55,379.84,378.58,338.91,2598.36,208.46,189.51,175.6,30.13,60.89
20001130,82.46,184.86,127.73,89.72,61.5,48.68,267.66,2.87,15.43,450.26,70.47,873.99,250.82,21.77,781.82,364.21,370.73,332.55,2552.18,215.31,188.12,188.41,28.74,63.98
20001231,86.6,183.57,128.01,88.15,61.5,54.76,286.88,3.02,15.56,493.05,64.5,892.78,245.43,21.36,800.0,309.02,443.3,356.05,2601.72,199.18,180.28,177.94,28.13,65.86
20010131,85.75,184.43,132.84,87.81,61.54,50.38,309.69,3.05,15.95,500.77,64.98,966.39,236.09,21.46,808.7,348.93,532.67,346.91,2624.08,191.79,171.76,178.86,27.61,64.18
20010228,82.31,185.1,128.12,87.56,61.77,53.8,323.95,3.02,16.31,513.14,66.94,1157.47,230.0,21.54,800.0,407.17,681.28,349.1,2552.27,185.07,173.2,170.31,27.3,60.44
20010331,83.07,177.09,130.28,91.06,62.0,63.11,315.36,3.1,16.53,497.36,65.93,1124.41,224.82,21.55,788.64,554.81,555.0,379.86,2565.32,210.9,166.15,159.95,26.02,54.56
20010430,84.72,162.1,129.3,90.11,62.06,64.63,327.52,3.03,16.53,481.0,65.51,1083.66,212.35,21.52,748.57,629.72,532.1,372.29,2597.95,208.96,162.59,158.44,26.25,51.16
20010531,89.73,164.26,135.0,91.49,63.04,70.61,325.69,2.97,16.53,479.31,68.94,1077.44,195.57,21.35,740.0,734.34,638.36,379.65,2581.68,194.01,164.3,157.93,27.51,49.97
20010630,95.06,167.76,127.23,94.45,63.54,72.92,326.92,2.89,16.53,508.93,63.67,973.29,191.0,21.04,736.19,830.56,610.37,412.62,2536.49,209.17,164.53,156.63,28.12,47.46
20010731,101.98,169.73,123.79,98.45,64.27,72.97,328.26,2.83,16.53,525.21,58.47,965.32,196.09,21.01,760.91,962.94,700.97,453.09,2559.12,279.63,162.04,154.69,27.48,45.55
20010831,99.39,168.74,121.92,101.8,65.58,71.54,348.94,2.92,15.43,545.5,59.68,1032.48,197.74,21.29,771.3,784.58,682.2,465.22,2626.91,312.62,159.87,157.23,26.6,43.33
20010930,99.61,173.0,122.03,107.25,66.48,63.93,340.53,2.92,13.74,549.33,57.71,1026.2,190.9,21.37,750.0,577.54,583.56,430.2,2736.64,259.56,156.38,160.37,26.29,41.26
20011031,101.79,170.87,123.34,103.39,65.7,57.29,330.29,2.79,13.12,555.81,56.53,1084.86,177.26,21.15,715.65,423.63,486.79,440.48,2842.81,232.09,151.27,144.92,24.37,37.22
20011130,100.97,170.0,125.27,104.28,64.33,48.6,335.91,2.62,12.13,585.28,58.96,1231.55,162.09,21.33,719.09,466.0,494.1,576.27,2936.19,281.51,146.49,152.06,23.35,37.96
20011231,102.86,179.38,122.53,100.83,63.23,47.41,376.13,2.56,11.65,618.96,55.6,1337.43,163.57,21.44,700.0,425.76,518.94,627.62,2847.84,295.47,139.91,141.31,22.12,42.87
20020131,99.27,191.13,125.31,101.05,62.94,54.26,444.11,2.52,11.82,621.83,57.34,1385.93,172.91,21.24,700.0,443.71,429.38,567.43,2788.69,310.3,133.84,144.77,25.73,43.42
20020228,99.01,194.35,123.28,102.95,62.92,55.14,516.35,2.52,11.57,633.4,60.51,1490.39,169.9,20.91,700.0,454.62,511.05,563.05,2774.94,296.77,136.04,140.23,28.33,42.8
20020331,98.95,189.29,122.56,109.03,62.73,50.8,529.16,2.68,11.46,633.5,66.38,1592.03,195.19,20.21,676.67,590.33,571.23,546.52,2795.62,302.45,143.02,144.32,30.41,42.04
20020430,95.82,189.5,123.72,103.74,62.5,44.78,525.07,2.81,9.7,646.64,65.78,1568.15,185.64,19.74,618.18,579.16,570.38,545.68,2814.34,311.15,144.11,150.49,30.57,41.38
20020531,97.55,198.3,121.46,96.47,63.35,46.98,519.78,3.02,9.88,661.87,58.43,1604.7,164.09,19.82,586.09,635.51,631.46,525.0,2820.98,337.82,149.08,141.19,31.98,39.89
20020630,104.11,202.0,132.03,93.89,63.8,50.41,548.84,3.05,9.92,644.25,55.16,1656.46,168.5,19.99,601.0,635.47,643.99,556.85,2834.26,376.0,163.48,133.29,38.12,43.48
20020731,114.23,199.61,149.3,96.9,64.21,54.87,539.68,3.06,9.92,652.11,53.09,1872.0,175.43,20.73,605.65,653.47,545.58,596.22,2981.64,369.21,172.56,149.62,37.72,46.7
20020831,120.99,191.32,161.26,95.73,64.11,46.11,534.99,3.02,9.92,650.15,52.02,1959.27,181.86,20.95,629.55,637.6,420.02,639.77,2957.09,391.51,182.11,146.05,39.13,49.32
20020930,119.75,188.48,187.84,92.56,64.04,36.66,584.34,3.13,9.92,662.55,57.58,2167.41,193.43,21.52,650.0,626.68,492.63,631.62,3000.22,369.4,180.96,149.13,40.4,48.98
20021031,120.61,185.48,190.32,86.97,63.0,42.81,664.34,3.14,10.25,654.82,64.05,2201.5,181.09,21.83,650.0,614.28,550.08,635.43,2987.84,372.8,178.95,147.6,37.48,49.56
20021130,120.13,187.19,176.26,81.56,61.9,40.6,691.81,3.15,10.8,650.13,70.18,1825.06,178.48,22.31,693.81,476.8,399.57,732.38,3012.77,409.97,181.33,156.65,38.11,52.33
20021231,117.19,185.27,168.98,84.0,61.49,43.67,689.34,3.16,11.02,635.42,63.86,2025.61,183.73,22.04,748.18,426.76,565.98,729.95,3037.73,433.56,183.37,147.69,38.46,55.22
20030131,113.7,199.74,149.6,85.35,62.27,46.58,725.81,3.34,11.13,641.65,65.22,2190.14,182.39,22.04,775.22,547.13,560.59,659.39,3257.01,431.32,187.41,143.16,41.11,56.71
20030228,114.15,198.75,150.84,83.75,63.12,48.16,734.89,3.25,12.13,637.82,67.59,2230.35,192.25,22.18,780.0,505.06,462.71,640.6,3395.19,421.52,187.32,150.49,44.74,58.55
20030331,113.65,196.95,141.81,83.88,63.86,48.84,681.58,3.18,11.9,632.28,61.66,1989.84,192.19,22.26,780.0,633.16,480.47,647.0,3482.4,390.13,184.15,145.69,48.19,61.01
20030430,114.59,195.18,138.62,82.62,63.53,49.26,685.72,3.18,11.68,622.2,65.32,1932.14,188.5,22.0,780.0,700.0,384.23,667.64,3463.6,377.2,180.45,151.94,45.24,60.78
20030531,115.5,197.73,141.96,79.3,64.6,58.99,633.01,3.25,11.68,640.06,66.18,1729.21,182.09,21.85,829.09,685.0,290.37,678.27,3570.42,382.12,183.17,145.89,45.33,57.8
20030630,111.48,203.67,131.35,78.25,65.99,64.81,680.28,2.69,11.68,672.42,61.34,1579.11,196.95,21.63,870.0,719.44,310.44,634.05,3820.14,390.44,182.34,146.8,46.72,58.5
20030731,96.62,199.48,131.62,81.0,67.5,60.9,684.95,2.4,11.68,668.62,62.29,1556.87,204.48,21.35,906.52,749.65,296.36,577.52,3852.84,382.83,181.67,142.07,45.61,60.19
20030831,88.07,196.43,148.72,91.12,68.5,56.69,653.47,2.5,11.35,656.84,63.6,1565.55,191.95,21.25,910.0,793.2,277.56,552.24,3823.97,361.94,181.46,150.47,47.69,60.5
20030930,90.63,202.86,145.62,97.0,69.23,56.65,647.28,2.88,11.02,645.36,65.51,1625.39,195.41,21.17,910.0,782.99,312.97,617.5,4007.75,374.87,187.19,134.3,50.48,64.18
20031031,95.7,204.0,147.46,98.4,68.57,52.54,602.73,3.16,11.02,643.64,62.58,1481.68,200.48,21.02,910.0,836.15,326.99,705.22,4224.25,449.02,196.77,152.32,58.92,72.56
20031130,101.75,201.75,160.55,110.75,68.36,48.69,589.76,2.96,11.02,670.87,62.36,1510.01,200.0,20.85,910.0,660.98,428.18,708.8,4256.22,484.63,197.46,144.4,58.15,76.94
20031231,100.77,197.0,165.57,105.4,68.98,48.68,588.41,3.12,10.95,670.59,64.88,1646.58,205.22,20.4,910.0,582.95,371.43,711.74,4407.41,478.47,196.44,139.3,57.31,73.59
20040131,98.55,207.45,166.33,107.06,69.58,52.94,613.51,3.23,10.8,711.99,73.73,1626.4,202.82,20.58,910.0,718.27,435.71,720.5,4525.8,467.69,199.06,160.5,57.52,76.24
20040229,95.57,213.25,161.39,99.5,71.59,61.03,611.93,3.32,10.8,733.62,77.51,1566.09,198.1,20.65,910.0,831.05,497.24,755.5,4669.09,501.61,199.0,172.77,58.84,73.92
20040331,103.03,240.35,166.28,97.25,73.09,65.35,587.69,3.45,11.1,729.21,77.47,1504.43,191.78,21.13,910.0,934.72,512.25,756.04,4673.58,520.57,195.2,159.41,61.26,72.28
20040430,112.53,253.41,166.58,102.1,74.75,65.28,554.63,3.61,11.24,713.13,74.34,1435.67,177.95,21.05,910.0,858.92,530.2,706.91,4565.24,516.34,197.96,176.76,62.91,69.44
20040531,111.56,251.57,163.73,114.62,76.59,78.87,533.09,3.48,11.24,704.23,75.81,1413.04,186.62,20.75,910.0,872.75,558.41,638.62,4570.7,481.14,188.43,177.86,62.1,70.04
20040630,114.05,244.23,154.74,116.75,79.62,78.36,560.59,3.21,9.92,679.41,82.16,1404.71,186.59,20.03,910.0,920.82,596.43,583.77,4636.37,408.98,198.62,175.41,62.78,64.63
20040731,103.97,240.32,150.6,120.3,80.94,78.66,553.05,3.11,9.48,666.62,73.96,1567.86,190.73,20.36,910.0,994.18,602.71,688.95,4649.91,386.63,200.45,180.9,59.29,57.02
20040831,87.77,252.55,141.29,126.75,80.1,76.03,528.97,3.35,9.48,663.68,73.17,1727.33,206.45,20.1,910.0,935.59,557.51,727.23,4669.55,393.71,198.65,184.6,57.14,53.47
20040930,85.37,252.0,151.03,127.88,78.16,74.88,500.93,3.26,9.59,663.5,80.99,1541.14,240.73,20.78,910.0,901.3,520.47,766.09,4569.18,401.64,199.27,180.48,57.54,56.68
20041031,87.89,253.52,150.15,119.5,76.0,72.7,508.86,3.19,9.59,667.14,79.81,1483.8,201.76,20.43,910.0,921.2,492.63,752.0,4547.86,381.61,197.96,171.62,58.57,52.52
20041130,95.53,262.32,156.57,118.38,74.71,75.81,537.86,3.23,9.59,691.63,89.51,1665.71,192.5,20.45,910.0,715.34,497.24,824.05,4670.36,386.67,202.13,170.98,57.15,49.24
20041231,92.04,278.43,153.87,116.8,73.6,72.18,547.3,3.67,9.81,690.63,102.57,1672.75,201.78,20.55,910.0,686.13,497.24,893.22,4823.58,370.09,190.35,172.9,54.97,48.6
20050131,90.71,288.38,153.59,115.25,73.44,72.08,556.94,3.69,10.03,700.23,107.11,1549.89,236.67,20.62,910.0,640.12,588.99,1088.67,5351.37,346.63,191.43,184.31,54.21,51.26
20050228,87.38,292.35,151.3,117.38,73.75,69.23,549.33,3.89,10.38,707.86,122.23,1719.46,258.1,20.36,910.0,742.36,890.19,1095.1,5579.55,347.57,191.02,179.08,57.65,52.16
20050331,94.17,295.0,150.99,120.0,73.88,69.45,545.18,3.98,10.47,714.03,134.69,1763.91,241.52,20.6,910.0,1109.06,817.02,1164.57,5645.16,374.83,193.65,179.16,60.31,56.24
20050430,93.33,299.14,140.88,118.2,74.0,69.0,543.69,3.98,10.47,710.51,128.79,1585.95,190.71,21.21,800.48,1174.97,594.25,1161.29,5619.99,375.84,194.15,183.78,60.28,56.95
20050531,88.89,295.27,144.25,121.45,74.29,74.92,543.49,4.0,10.47,695.98,126.16,1509.46,200.32,21.89,758.18,1095.68,613.39,1160.86,5487.49,370.16,202.52,171.36,61.96,55.84
20050630,93.44,287.05,141.93,120.33,74.48,67.47,553.32,4.18,10.47,682.06,119.98,1538.63,223.41,21.04,727.27,934.69,500.06,1152.0,5371.33,369.64,203.12,179.02,66.24,53.99
20050731,96.81,278.71,143.87,122.6,74.75,67.52,563.57,4.38,10.47,656.46,108.45,1488.32,201.38,20.69,713.33,748.69,403.84,1152.0,5239.17,369.6,205.53,182.64,77.13,54.97
20050831,98.0,283.48,149.36,120.0,74.77,69.66,531.87,4.34,10.44,784.54,108.43,1482.23,211.83,20.49,700.0,757.4,399.17,1152.0,5590.13,360.3,211.94,184.32,73.42,54.07
20050930,97.89,287.41,159.71,120.3,75.19,67.45,517.85,4.18,9.92,783.29,98.17,1504.16,224.41,20.81,700.0,749.03,585.32,1152.0,5669.46,369.98,216.8,185.04,77.4,54.95
20051031,98.53,290.71,167.83,116.5,74.38,64.88,500.83,4.08,10.03,817.1,106.09,1453.83,211.57,21.72,700.0,815.14,489.34,1152.0,5652.39,382.82,211.27,181.81,77.99,58.24
20051130,98.76,278.95,161.12,117.25,72.69,59.88,481.51,3.92,10.42,823.44,108.81,1428.78,194.77,21.64,700.0,879.53,471.5,1152.0,5727.45,375.97,205.47,181.24,73.58,56.83
20051231,103.01,277.27,164.44,115.5,71.21,60.7,479.73,4.13,10.47,855.24,103.03,1511.32,201.86,21.74,700.0,849.42,568.18,1152.0,5296.38,368.9,210.52,186.74,77.26,56.53
20060131,103.6,284.45,167.16,113.62,69.86,55.84,496.6,4.03,10.47,910.33,124.36,1576.23,225.0,23.38,710.45,849.75,624.69,1090.91,5751.19,377.92,221.0,186.05,85.93,59.01
20060228,101.13,296.4,179.84,114.75,69.18,58.43,520.76,4.0,10.47,909.04,118.52,1546.37,278.9,24.13,720.0,821.46,871.55,715.3,5820.51,390.63,222.54,183.81,94.36,60.75
20060331,100.38,297.74,174.44,111.9,68.29,58.68,528.71,4.62,10.47,906.58,112.2,1545.05,259.74,23.06,720.0,808.86,880.67,693.87,5744.85,383.36,225.16,193.49,95.02,58.62
20060430,102.12,298.5,180.35,112.58,67.52,55.96,515.46,5.43,10.47,918.24,114.71,1552.34,230.45,23.59,720.0,800.33,669.89,673.25,5583.08,386.41,229.39,205.17,98.59,57.18
20060531,107.48,301.26,193.17,112.5,67.87,66.22,522.0,6.17,10.47,970.83,107.96,1594.3,238.26,23.43,754.78,800.19,946.13,673.0,5853.98,394.52,244.17,193.15,111.8,55.41
20060630,106.88,305.59,195.16,111.7,68.98,74.38,515.63,6.68,10.47,958.62,101.21,1605.78,250.14,23.32,802.73,665.84,713.84,673.0,5474.81,386.18,238.46,185.69,123.8,56.42
20060731,112.1,312.43,202.43,115.12,69.9,70.1,522.87,6.14,10.47,959.07,102.77,1673.21,263.81,22.3,845.24,734.4,585.04,673.0,5513.21,404.02,236.12,193.33,114.17,56.73
20060831,114.53,313.39,189.91,117.62,70.42,71.93,534.29,5.83,10.47,1251.38,112.13,1612.94,247.22,21.39,893.91,830.84,546.18,673.0,5575.76,434.48,240.03,176.61,100.37,59.85
20060930,115.44,312.9,195.98,117.5,70.69,67.91,521.83,4.72,10.47,1296.63,109.36,1566.34,229.81,21.16,931.43,878.63,544.92,673.0,5474.18,416.94,246.47,193.46,83.76,58.82
20061031,136.6,309.64,212.09,117.88,69.65,64.32,524.66,4.3,9.51,1263.01,110.91,1530.17,224.27,20.32,940.0,1036.0,552.17,673.0,5239.93,422.32,245.32,182.19,84.44,57.03
20061130,148.15,300.59,205.81,121.25,69.0,62.12,640.02,4.31,9.59,1262.59,123.57,1582.54,213.23,19.76,947.73,931.12,602.71,673.0,5060.34,476.74,256.02,179.94,75.26,57.4
20061231,150.97,309.29,204.31,121.2,69.35,60.59,644.21,4.51,9.51,1285.02,129.95,1702.16,239.57,19.59,960.0,792.8,656.41,673.0,4760.48,528.24,268.46,171.15,79.25,59.43
20070131,152.13,313.48,196.07,119.25,71.33,59.54,715.51,4.46,9.81,1258.73,124.46,1701.93,249.7,19.91,996.96,797.09,640.16,673.0,4490.58,550.78,262.27,167.76,95.65,59.05
20070228,151.03,316.05,199.98,118.38,73.77,65.68,706.96,4.62,9.92,1252.39,122.34,1811.15,212.5,20.73,1000.0,841.82,658.84,673.0,4567.09,553.75,262.56,165.12,104.96,57.89
20070331,157.06,326.18,199.1,118.4,76.37,61.53,724.75,4.7,9.9,1268.87,116.61,1924.2,203.27,20.83,1000.0,811.34,646.66,673.0,4749.46,566.39,269.66,151.27,103.24,58.41
20070430,157.12,322.29,198.31,117.62,78.1,65.42,742.55,4.78,10.03,1289.38,114.59,2034.25,192.05,20.91,1000.0,855.84,647.2,673.0,4875.67,645.41,266.04,163.04,106.75,57.18
20070531,161.69,320.61,195.72,116.62,79.52,73.51,788.25,4.43,10.03,1266.92,112.52,2011.13,190.04,21.01,1013.04,886.84,691.81,673.0,4733.69,740.63,261.95,158.72,108.6,55.57
20070630,184.45,326.29,223.04,119.0,80.75,74.06,787.58,4.22,10.03,1254.15,118.67,2013.04,202.05,21.32,1095.24,935.34,778.74,673.0,4533.84,748.43,257.91,148.6,102.86,60.44
20070731,177.91,332.55,238.41,117.5,81.17,70.81,761.64,4.35,10.03,1212.95,116.8,2151.67,211.91,21.12,1159.09,1142.48,735.18,673.0,4426.95,764.47,263.05,146.32,95.3,67.81
20070831,158.88,331.48,259.73,118.4,81.27,70.36,732.83,4.73,10.03,1148.05,123.63,1902.09,210.39,21.8,1200.0,1231.13,696.01,673.0,4318.67,729.56,270.93,149.87,96.8,66.62
20070930,184.66,330.0,326.54,118.25,81.55,63.15,765.24,4.58,10.03,1109.22,128.04,1944.01,231.25,21.0,1200.0,1032.22,666.44,673.0,4384.62,745.18,274.96,161.27,98.91,68.21
20071031,197.11,335.3,335.15,115.88,79.75,56.69,807.45,4.48,10.03,1054.0,134.57,1916.67,224.3,20.28,1282.61,974.51,659.98,673.0,4458.76,824.07,271.68,143.4,106.96,68.93
20071130,187.61,356.5,321.81,117.66,77.77,49.95,828.19,4.5,10.56,1031.14,130.33,1967.31,209.64,20.04,1513.64,1045.7,653.57,673.0,4650.51,877.34,279.41,135.16,113.66,69.71
20071231,198.93,378.0,368.62,119.5,76.85,53.28,817.45,4.67,10.75,1079.68,136.47,2119.88,206.05,20.21,1669.05,925.87,648.51,673.0,4542.47,883.45,275.34,124.59,112.95,69.59
20080131,205.61,393.48,369.59,121.33,77.25,49.76,840.86,4.81,10.91,1114.49,139.05,2216.38,229.7,20.26,1700.0,1029.65,679.8,673.0,4559.2,987.02,287.08,137.75,119.92,73.25
20080229,216.54,481.14,425.0,127.7,79.15,57.86,843.77,4.74,11.05,1140.39,158.21,2522.83,264.67,20.21,1700.0,1049.03,790.58,673.0,4592.3,1109.5,288.4,130.78,127.63,75.05
20080331,228.66,672.64,439.72,106.7,81.23,53.24,835.3,5.22,11.13,1169.75,148.06,2647.64,246.29,20.64,1700.0,1230.77,1027.36,1303.1,4774.31,1146.86,304.85,135.11,127.4,80.18
20080430,237.24,1015.21,362.23,103.75,82.04,61.15,823.97,5.12,11.13,1184.37,137.74,2631.23,260.91,20.54,1665.91,1233.72,969.99,2177.36,4643.6,1083.48,291.76,135.71,129.51,75.41
20080531,238.31,1009.32,328.76,124.2,83.46,78.11,781.49,5.31,11.13,1191.92,139.74,2693.41,265.14,20.83,1650.0,1317.69,927.93,2214.55,4523.49,1086.83,282.97,144.83,139.05,74.12
20080630,240.98,834.6,348.55,129.5,85.71,73.9,778.46,5.15,11.0,1208.78,144.08,3021.76,284.52,21.9,1650.0,1414.43,839.78,2300.19,4260.21,1096.39,272.29,152.37,147.04,77.04
20080731,248.31,799.0,328.18,133.0,88.25,76.08,793.63,5.62,11.0,1265.05,145.35,2953.67,287.48,23.18,1619.57,1431.69,725.14,2267.74,4323.35,1026.25,275.76,143.25,145.96,77.29
20080831,212.32,737.0,329.34,135.5,88.42,84.56,717.57,5.37,10.3,1240.64,145.77,2796.8,321.9,23.15,1599.05,1131.85,801.1,2060.24,4095.05,791.77,272.95,146.58,133.78,78.04
20080930,189.43,722.0,295.55,129.4,88.4,71.16,656.35,4.96,10.14,1223.44,140.56,2672.05,321.59,22.94,1572.73,923.97,806.63,1948.82,3914.53,667.04,284.47,145.16,130.61,73.59
20081031,144.0,624.0,237.38,115.92,87.54,63.67,510.28,4.16,10.14,1101.43,121.41,2251.23,282.39,21.62,1470.0,909.83,808.01,1724.39,3660.85,486.4,304.45,169.06,88.05,62.3
20081130,130.16,563.25,226.85,115.0,86.92,52.6,450.98,3.82,10.14,1049.74,120.44,2046.08,241.0,20.62,1268.0,853.34,904.7,1624.4,3307.33,433.1,315.97,167.18,77.06,55.06
20081231,114.16,550.75,220.14,111.25,87.02,53.7,477.83,3.9,10.14,1032.27,116.97,2420.04,228.48,20.0,1217.39,761.72,842.54,1357.0,3355.21,440.38,326.62,160.09,56.7,55.47
20090131,121.61,615.25,239.36,114.12,87.25,55.99,464.59,4.11,9.88,1037.3,128.03,2608.89,261.59,20.57,1154.09,782.89,814.92,1211.36,3288.71,522.15,329.65,145.27,68.26,57.7
20090228,112.57,634.0,224.69,107.12,86.7,57.37,449.72,4.12,9.7,1046.77,128.51,2660.47,270.0,19.94,984.0,766.46,921.96,1038.1,3168.83,529.4,322.45,168.55,67.22,55.21
20090331,114.94,625.25,230.98,112.38,85.73,57.35,460.47,4.48,9.7,1054.07,127.76,2493.98,262.86,20.46,900.0,847.05,906.08,831.41,3059.75,557.21,288.57,147.09,63.84,51.5
20090430,111.02,577.25,233.47,115.5,85.38,57.89,516.6,4.8,9.7,1055.71,134.58,2541.7,277.41,21.77,900.0,904.52,897.79,929.05,3087.67,693.21,283.13,142.86,73.5,56.77
20090531,129.39,540.75,256.7,119.6,86.96,58.72,599.31,5.44,9.7,1117.44,147.64,2554.6,288.0,22.07,916.67,888.24,852.9,1043.81,3151.85,772.39,291.06,132.06,76.39,61.95
20090630,148.68,548.6,253.41,122.12,88.17,56.96,609.15,5.5,9.7,1164.08,144.46,2699.61,287.14,22.47,957.73,816.12,850.83,1115.55,3433.52,690.82,279.25,133.73,75.48,61.39
20090731,139.96,623.0,224.95,124.0,88.56,57.88,609.3,5.77,9.7,1222.51,137.6,2805.48,337.65,23.02,966.09,715.36,828.73,1021.87,3528.36,601.95,281.42,132.6,79.06,64.8
20090831,122.3,576.25,210.37,124.0,86.77,49.56,655.49,4.99,9.7,1295.4,146.87,2956.66,328.38,25.04,980.0,836.29,835.64,1078.9,3710.67,686.79,276.62,126.58,92.86,64.25
20090930,103.53,593.67,191.09,124.12,84.88,50.62,690.91,5.0,9.7,1362.82,145.67,3149.51,374.41,27.34,990.91,1030.95,818.37,1021.41,3947.33,636.42,280.84,132.18,98.5,64.07
20091031,130.55,566.25,198.85,120.5,82.85,50.95,743.59,4.81,9.37,1463.87,151.95,3372.5,344.77,28.37,1000.91,1152.61,811.46,1005.23,3930.53,636.56,276.62,126.95,106.68,66.82
20091130,155.26,566.25,211.04,125.0,82.13,54.18,756.8,5.01,8.63,1557.8,150.23,3379.33,361.05,29.46,1042.38,1154.41,835.64,1070.43,3954.23,674.33,271.97,123.33,116.74,71.78
20091231,150.77,606.0,206.25,127.0,82.15,61.85,780.4,5.05,7.94,1692.45,155.86,3517.54,374.22,31.53,1142.61,1013.58,801.1,1132.91,3850.54,727.6,264.83,128.63,127.47,76.78
20100131,146.6,598.0,201.51,133.88,83.04,67.33,842.89,5.15,8.05,1748.38,154.41,3522.1,338.67,29.91,1214.29,1089.26,782.69,1113.62,3722.44,742.0,258.22,126.02,139.79,77.4
20100228,137.3,584.75,194.54,141.75,83.3,66.19,818.02,5.54,8.38,1709.79,155.92,3276.56,332.35,29.62,1218.0,981.59,790.75,1091.4,3484.17,754.32,252.76,139.56,141.87,80.04
20100331,147.06,540.12,191.07,152.1,84.0,70.93,850.47,5.99,8.38,1793.86,162.15,3089.65,332.61,27.73,1200.0,954.72,842.54,1105.22,3349.5,793.9,249.84,143.08,151.44,85.79
20100430,151.71,502.23,192.82,164.75,85.28,77.58,817.36,6.48,8.65,1961.11,171.07,3221.23,313.59,26.15,1202.73,994.73,828.42,1132.77,3292.57,798.53,246.04,140.23,179.09,88.08
20100531,142.95,472.48,181.88,157.75,86.45,85.28,764.57,6.34,10.25,1907.78,174.03,3165.75,286.14,25.32,1230.0,1054.71,872.47,1102.52,3011.23,775.57,253.66,143.85,166.91,90.07
20100630,145.97,458.55,157.67,144.81,87.17,78.72,762.81,5.96,10.25,1817.13,193.52,3230.83,262.36,27.61,1189.09,1201.27,964.84,1090.32,2925.8,764.91,260.84,143.38,161.74,91.68
20100731,156.36,470.68,195.82,145.39,87.84,78.8,779.24,6.28,10.25,1705.03,205.25,3229.55,259.18,29.21,1180.0,1302.41,987.07,1094.77,2934.73,774.5,274.91,146.32,148.51,84.15
20100831,161.03,486.86,246.25,152.5,87.79,83.15,788.43,6.46,10.25,1673.83,212.8,3071.71,315.09,31.0,1210.91,1139.33,896.53,1140.05,3087.55,865.23,294.67,141.77,150.42,90.35
20100930,168.2,519.95,271.69,152.5,87.75,81.93,790.39,6.14,10.25,1632.19,222.1,2874.98,337.18,35.22,1272.27,1046.85,883.98,1195.18,3068.01,884.89,310.91,136.92,160.24,104.73
20101031,174.61,533.12,270.23,154.75,86.73,71.15,853.99,6.32,11.79,1665.71,215.84,2927.45,339.86,34.74,1296.19,1086.32,921.8,1304.14,3093.28,935.22,316.36,145.89,178.02,126.55
20101130,179.12,543.14,274.08,156.5,85.46,63.48,889.49,6.09,12.4,1662.63,227.96,2910.31,331.68,38.09,1300.0,823.35,908.15,1395.77,3081.94,1059.01,313.32,141.02,195.32,155.47
20101231,189.6,536.78,306.53,173.03,85.35,68.81,883.84,7.02,12.46,1593.21,237.33,3047.06,352.13,38.0,1359.13,723.89,897.79,1466.26,3003.96,1171.22,306.54,149.49,215.28,168.22
20110131,195.12,528.38,326.55,185.62,85.0,75.04,1011.45,6.74,12.46,1607.46,262.94,3164.48,368.1,39.67,1568.57,734.61,949.42,1528.95,2989.8,1238.57,315.32,152.47,250.36,178.93
20110228,196.37,532.8,348.15,183.72,85.07,83.22,1060.91,7.08,12.46,1612.82,288.08,3471.1,349.75,40.37,1600.0,884.96,1013.12,1591.5,3054.1,1248.55,328.63,150.29,280.79,213.18
20110331,202.53,508.96,316.75,187.72,86.08,80.83,1243.76,7.28,12.46,1755.65,294.48,3392.97,330.65,36.11,1600.0,852.44,994.17,1576.96,3098.5,1142.23,334.76,150.09,245.78,229.67
20110430,208.7,500.57,336.12,193.0,86.4,92.06,1310.07,7.92,12.46,1760.73,302.71,3113.51,325.33,35.76,1600.0,880.97,1013.47,1691.76,3226.28,1123.79,343.5,156.19,265.49,216.62
20110531,208.72,500.55,354.47,184.11,86.54,92.45,1302.03,7.17,12.46,1590.95,293.06,3070.77,327.68,34.2,1659.09,836.41,1022.1,1701.18,3164.79,1143.44,385.25,160.91,232.07,165.52
20110630,210.17,518.09,326.43,178.36,86.94,94.54,1385.67,6.0,12.4,1508.0,277.78,3015.64,334.05,35.12,1776.36,916.4,986.31,1700.86,3097.34,1075.91,417.56,157.68,223.8,160.65
20110731,215.46,546.19,303.88,177.76,87.34,96.91,1362.27,5.7,12.3,1469.08,269.18,3167.18,356.14,37.89,1683.34,971.56,964.22,1676.43,3072.0,1033.57,430.49,152.67,214.64,149.25
20110831,206.66,577.3,327.07,180.85,88.12,103.02,1249.79,5.23,12.24,1455.06,273.54,3064.31,358.17,39.61,1819.88,948.83,960.25,1666.04,3118.7,1047.51,450.03,147.09,212.11,114.1
20110930,210.63,615.55,315.92,175.93,88.98,88.55,1199.48,4.71,11.41,1346.9,275.58,2873.88,362.27,39.28,1837.73,1194.94,945.5,1672.77,3013.48,995.18,453.63,140.97,206.45,116.65
20111031,208.68,602.14,289.01,174.28,89.0,92.48,1072.03,4.13,11.02,1352.34,248.49,2680.05,357.14,38.2,1829.29,1032.7,956.33,1565.19,3013.0,914.44,435.86,138.96,184.21,110.61
20111130,211.37,609.09,281.01,186.68,89.23,85.7,1148.83,4.38,10.83,1402.34,249.5,2527.43,351.27,38.11,1860.66,681.65,959.32,1554.77,3031.8,985.77,403.26,148.52,152.95,104.68
20111231,212.22,580.91,269.03,190.09,89.82,83.93,1164.09,4.56,10.69,1369.68,243.14,2200.61,333.36,36.56,1853.53,757.73,946.76,1535.64,2964.26,969.07,387.86,144.0,153.52,95.45
20120131,210.47,541.06,274.89,190.93,90.35,84.13,1274.53,4.31,10.69,1295.05,240.89,2307.76,337.27,35.36,1858.54,730.58,942.99,1553.41,2874.33,1020.54,387.75,144.93,164.48,101.11
20120229,213.46,547.48,277.77,194.1,91.17,86.41,1402.79,4.93,10.47,1315.22,225.49,2356.24,341.0,33.99,1885.51,778.64,1045.12,1441.0,2911.4,1047.69,374.98,142.61,181.55,100.75
20120331,222.68,577.05,283.88,194.36,92.79,84.69,1336.72,4.95,10.47,1319.33,201.85,2359.25,341.0,33.48,1807.74,802.57,1151.43,1441.0,2899.44,1105.74,357.05,147.03,178.22,99.5
20120430,237.27,585.95,266.32,192.1,93.25,79.85,1288.53,5.08,9.92,1408.1,193.35,2266.78,341.0,31.93,1717.79,822.89,1029.33,1441.0,2921.46,1157.45,353.7,128.0,174.4,100.1
20120531,236.98,612.43,264.36,187.3,94.06,79.15,1237.63,4.99,9.7,1518.0,186.35,2113.09,341.0,30.37,1619.49,755.83,955.44,1441.0,2874.62,1031.12,367.03,148.87,169.11,88.53
20120630,234.7,606.14,276.19,183.6,94.5,91.87,1203.41,4.45,9.7,1642.3,169.79,2265.84,341.0,28.89,1546.62,952.76,956.33,1441.0,2780.67,927.63,362.31,145.65,145.09,82.18
20120731,242.53,578.36,345.69,180.36,94.73,94.47,1225.79,4.44,9.7,1735.12,190.77,2349.82,345.59,28.71,1541.45,1015.16,966.85,1505.54,2817.79,952.54,357.19,134.37,139.63,83.97
20120831,258.64,582.87,349.4,183.13,95.02,86.38,1133.9,4.74,9.7,1755.74,175.97,2512.26,353.18,28.83,1515.53,970.39,954.84,1549.86,3080.96,930.61,354.71,141.43,126.69,84.4
20120930,254.68,590.5,353.42,180.25,95.65,68.77,1054.3,4.59,9.7,1716.05,179.6,2620.28,358.23,25.76,1588.56,1000.89,966.85,1582.85,3728.48,879.53,353.34,175.5,137.82,84.15
20121031,250.04,584.74,358.2,181.54,95.84,79.72,1078.68,4.52,9.81,1694.59,172.37,2463.54,368.16,24.15,1637.41,980.85,959.04,1483.16,3753.78,768.09,350.23,152.15,145.33,81.95
20121130,249.06,590.73,361.0,192.02,96.64,77.9,1106.59,4.72,10.25,1902.06,160.64,2478.16,368.11,22.71,1675.89,846.84,937.34,1483.03,3574.67,743.13,353.03,166.12,134.91,80.87
20121231,248.22,565.52,347.89,195.62,97.65,80.22,1207.95,5.5,10.66,2190.08,154.22,2431.82,351.44,22.56,1863.9,758.09,945.8,1510.91,3410.62,713.94,354.8,149.29,141.05,83.37
20130131,236.96,573.39,335.5,195.39,99.12,82.79,1238.22,6.25,10.86,2088.6,158.27,2275.44,338.87,22.59,1985.41,750.03,933.82,1506.78,3964.52,776.54,334.12,152.62,149.85,85.51
20130228,240.51,574.07,318.92,194.28,100.17,83.08,1236.2,6.57,11.46,1882.6,153.0,2197.7,320.9,21.85,1923.5,819.58,925.41,1512.6,4085.53,792.38,319.69,156.01,144.51,89.71
20130331,240.78,564.52,309.93,191.79,101.46,73.36,1208.06,6.53,11.46,1783.98,153.01,2153.36,297.4,21.54,2366.6,908.1,938.57,1462.01,3964.59,771.87,313.78,164.08,135.05,94.45
20130430,232.42,553.73,308.74,191.68,102.56,77.95,1105.22,7.24,11.46,1834.49,152.96,2294.72,266.31,20.73,2433.05,980.49,912.23,1439.23,3928.94,756.46,304.53,160.55,130.04,92.53
20130531,231.43,552.09,319.11,179.59,104.1,89.17,1085.54,7.31,12.79,1835.82,151.43,2345.73,272.37,20.31,2529.9,1057.01,908.0,1466.97,3778.84,763.38,294.78,168.93,137.8,92.62
20130630,230.59,546.25,313.52,174.25,105.54,98.1,1084.55,6.98,13.78,1743.89,138.86,2283.58,254.02,19.61,2600.19,1157.65,911.6,1472.07,3874.59,763.04,306.01,174.79,127.47,93.08
20130731,222.12,538.26,304.68,176.58,106.41,98.45,998.83,7.27,14.99,1598.54,138.44,2308.53,256.16,20.46,2243.39,1121.23,925.41,1375.48,3762.89,729.86,298.76,150.61,116.26,92.62
20130831,194.74,503.82,305.49,176.58,106.5,96.12,996.24,6.69,15.65,1621.63,135.63,2483.61,248.04,21.36,2506.11,1190.81,937.6,1152.39,3736.36,722.84,304.39,165.6,116.53,92.71
20130930,174.82,470.0,307.51,175.6,106.19,91.73,1123.44,5.62,16.05,1525.27,132.78,2616.05,230.49,21.58,2291.86,1119.72,939.23,1158.38,3785.08,725.8,300.12,159.26,119.66,90.09
20131031,159.28,453.26,325.07,178.07,105.07,87.76,1165.23,6.32,16.09,1520.09,128.83,2730.7,221.72,22.19,2338.33,997.26,936.82,1187.13,3676.27,762.62,304.31,165.9,114.96,89.35
20131130,156.34,448.81,306.75,183.31,104.69,81.5,1149.77,6.41,16.64,1549.37,122.75,2755.17,235.26,21.61,2392.17,766.0,922.13,1192.4,3680.05,810.3,297.36,165.9,112.93,84.65
20131231,156.35,447.55,291.56,185.95,104.25,78.57,1146.37,7.91,17.09,1557.11,126.74,2824.54,245.69,20.55,2207.45,739.98,925.41,1169.18,3613.35,795.27,287.35,165.9,116.05,87.49
20140131,162.55,441.04,275.53,187.46,104.4,78.85,1116.77,8.06,17.09,1586.17,135.03,2819.43,249.0,21.5,2431.18,739.98,928.42,1110.12,3628.5,769.34,286.6,165.98,105.52,90.96
20140228,163.33,447.0,292.27,190.25,104.5,86.35,1086.85,7.79,17.09,1658.39,176.28,2992.76,256.98,22.6,2323.84,810.0,946.13,1137.04,3576.2,811.2,291.84,189.97,97.3,94.05
20140331,162.15,434.14,323.55,197.76,105.25,113.21,1047.24,7.43,17.2,1729.28,216.06,3041.67,237.73,23.01,2376.98,900.0,966.85,1152.09,3592.27,860.52,290.92,179.2,103.48,96.95
20140430,163.4,409.94,324.93,191.23,107.27,120.33,1056.87,7.56,18.08,1763.83,226.99,3050.61,223.41,24.65,2256.2,838.41,945.5,1125.1,3602.34,825.32,290.33,165.52,99.58,94.2
20140531,173.89,403.59,334.75,194.55,108.79,110.47,1065.38,7.07,17.64,1820.16,215.24,3030.0,219.52,25.16,2217.55,864.44,916.0,1127.28,3631.68,800.29,292.5,177.88,94.02,92.71
20140630,163.33,414.67,306.53,200.79,110.88,115.27,1053.82,6.19,17.75,2000.88,198.91,3174.31,223.7,25.95,2212.72,834.56,926.07,1112.06,3756.42,758.47,291.72,165.59,94.65,90.9
20140731,141.68,428.0,280.36,227.5,112.6,128.67,1056.06,6.39,17.64,2048.97,198.59,3196.04,232.39,26.13,2145.5,783.04,930.82,1061.82,4014.96,752.89,292.7,178.29,91.57,83.84
20140831,129.63,440.38,263.41,258.86,112.79,109.2,1031.31,5.93,17.64,2000.09,214.5,3270.27,235.78,26.57,1986.8,768.17,961.59,992.55,4142.29,677.86,289.17,157.7,83.91,74.0
20140930,127.2,436.5,243.72,272.3,113.52,100.53,987.68,5.49,15.87,1871.81,212.01,3221.27,232.95,26.69,2008.05,771.03,925.41,983.05,4209.05,656.98,277.55,166.24,74.59,73.38
20141031,117.56,432.7,245.39,266.93,113.89,101.9,958.93,5.37,16.09,1985.42,227.06,3100.83,256.19,26.61,1833.78,732.15,922.41,1044.72,4025.37,673.09,275.65,193.35,73.49,70.34
20141130,121.55,419.0,258.66,261.5,113.92,86.16,968.43,5.75,13.56,2204.08,212.93,2909.09,243.34,24.6,1991.45,717.87,904.7,1068.89,4281.95,662.4,256.13,167.31,74.2,67.52
20141231,126.79,410.74,269.64,239.59,113.77,82.81,935.62,6.15,13.23,2388.57,200.59,2946.95,243.31,24.81,1995.1,769.23,908.6,1049.03,3370.2,624.54,249.39,183.97,72.72,68.3
20150131,133.05,409.68,248.46,232.02,114.1,73.0,899.39,5.95,15.65,2169.83,190.9,2915.6,269.62,25.24,1951.39,758.02,911.6,1004.2,4480.81,641.6,249.39,169.3,75.03,67.35
20150228,129.84,409.5,237.15,209.88,113.77,61.84,892.44,5.58,15.65,2028.45,179.94,2961.94,296.35,24.62,2028.17,704.17,966.85,960.52,4692.23,634.38,249.39,179.52,82.03,69.84
20150331,133.84,400.73,230.83,207.8,114.27,61.71,871.16,5.14,15.65,1897.3,160.02,2878.03,307.56,24.4,2070.86,633.29,1045.96,957.26,4531.82,607.65,249.39,160.53,78.72,69.35
20150430,131.05,392.41,223.34,214.43,114.88,60.98,883.14,5.12,15.65,1854.61,164.95,2868.27,290.74,24.39,2017.27,612.13,1059.14,1002.01,4605.58,591.79,249.39,168.96,77.13,71.7
20150531,128.8,382.43,215.15,199.21,115.96,77.32,976.34,5.12,15.65,1728.81,158.17,3096.0,313.81,24.72,2044.78,608.64,946.79,1081.89,4967.3,601.4,246.5,159.31,83.55,72.86
20150630,124.45,370.55,209.87,195.05,116.0,77.35,1028.57,5.16,15.87,1649.19,159.77,3239.88,355.88,24.76,2008.05,629.9,929.18,1102.86,5022.97,606.4,240.59,149.14,82.98,72.35
20150731,134.65,387.74,197.42,204.41,115.9,75.94,944.35,5.29,15.87,1556.97,153.29,3325.96,403.03,24.67,2063.58,640.11,938.33,1069.26,5289.66,575.68,241.27,153.68,74.37,72.35
20150831,126.37,375.57,173.47,212.0,115.46,75.58,979.28,5.45,15.87,1552.02,158.78,3154.02,387.33,24.5,2042.48,684.28,956.66,980.25,5886.21,484.68,241.7,152.75,64.43,71.82
20150930,122.72,358.77,163.83,202.41,115.0,69.84,902.51,5.03,13.23,1567.7,147.65,3278.45,371.21,24.43,1932.51,631.91,951.78,981.68,5673.2,483.49,247.78,172.89,59.51,68.74
20151031,123.55,360.45,165.39,184.55,114.27,71.23,884.88,5.02,9.59,1647.57,153.88,3197.34,391.84,25.04,1821.83,660.69,933.58,1059.05,5171.03,530.25,248.08,159.37,59.0,69.03
20151130,124.47,358.38,157.74,177.07,113.36,57.03,902.05,5.02,10.14,1753.72,148.94,3360.84,353.77,25.61,1716.71,768.49,932.32,1045.01,4613.69,503.16,242.9,151.07,55.44,69.22
20151231,121.59,354.35,163.79,167.11,113.06,53.11,909.91,5.79,10.14,1704.36,149.52,3345.66,343.49,25.83,1656.92,768.7,932.32,1022.14,4190.16,520.6,244.62,167.38,56.59,70.39
20160131,117.95,359.48,164.56,159.07,112.52,54.25,930.92,6.45,11.02,1555.3,146.32,2952.42,319.83,25.83,1800.45,689.41,1011.25,1020.14,4395.28,531.62,251.76,175.78,55.33,68.75
20160229,120.12,373.19,159.25,171.31,112.1,62.94,957.27,6.14,11.02,1455.94,148.94,2916.37,287.26,25.5,1851.99,691.37,1052.35,1039.58,4545.7,595.9,259.34,156.07,57.04,66.57
20160331,121.09,370.48,164.03,176.2,111.56,63.43,992.02,6.91,11.02,1387.81,156.94,3073.52,263.71,26.32,1811.52,677.83,1020.9,1013.92,4315.4,633.07,263.62,173.33,65.64,65.46
20160430,129.15,376.05,163.36,176.9,111.55,64.81,1023.0,7.11,10.36,1428.94,154.2,3078.49,237.99,26.15,1865.33,713.8,998.09,1028.43,4024.21,680.38,271.7,141.46,78.04,69.28
20160531,135.07,408.82,157.53,179.45,111.98,73.99,988.79,7.27,10.69,1528.42,155.4,3098.39,247.26,26.21,1830.17,764.74,987.57,1040.22,3858.02,644.56,273.27,140.49,75.92,70.28
20160630,148.06,420.68,156.65,181.45,111.84,79.05,1015.26,7.67,10.69,1577.25,165.85,3122.75,268.91,26.72,1870.58,875.45,993.22,1017.3,3810.28,618.45,282.26,148.53,71.7,74.1
20160731,140.19,456.24,133.62,187.74,111.46,76.01,1089.07,8.01,10.69,1403.44,172.35,3049.98,280.12,26.91,1816.1,967.76,1004.67,975.11,3890.98,584.19,285.98,146.44,80.5,81.06
20160831,128.1,414.22,127.9,185.61,111.04,65.16,1095.75,7.06,10.69,1427.45,170.34,3032.49,275.92,27.15,1789.25,959.24,1051.53,981.94,3982.15,664.38,294.03,153.68,74.98,80.26
20160930,125.14,384.0,123.2,182.89,110.34,58.71,1061.8,6.67,10.69,1398.29,178.07,2881.19,297.97,27.5,1808.65,1050.65,1013.31,989.05,4073.87,692.41,292.15,155.02,72.78,77.86
20161031,128.14,367.67,122.52,180.76,110.15,50.23,1023.64,7.21,12.35,1296.28,178.62,2711.35,304.93,28.57,1727.29,1064.66,976.39,998.41,3924.43,651.45,286.86,174.41,75.6,78.52
20161130,131.53,360.82,122.51,183.14,110.19,46.61,1019.21,7.32,12.13,1280.58,185.13,2492.0,328.6,28.76,1665.03,1137.77,959.94,1000.49,3928.02,670.0,275.14,160.49,85.27,78.92
20161231,128.1,367.55,122.8,173.98,113.01,53.45,1002.56,7.86,11.02,1281.75,162.16,2295.31,336.66,29.29,1743.21,1076.99,959.94,1012.25,3992.51,711.76,256.42,156.07,101.01,79.5
20170131,132.07,372.55,137.09,176.77,114.48,61.37,1027.72,8.64,12.13,1224.7,167.83,2195.06,368.73,29.01,1820.95,935.01,974.03,980.86,4152.22,726.49,258.6,170.16,115.9,82.33
20170228,136.23,368.5,147.31,184.6,114.36,71.77,1029.58,7.88,12.13,1125.47,165.56,2034.08,382.87,30.4,1806.41,902.59,1040.1,966.97,4424.23,706.79,263.45,157.58,122.99,85.15
20170331,137.29,367.78,146.39,190.17,123.95,68.39,1059.6,7.2,12.13,1068.95,159.39,2063.09,356.1,29.83,1882.51,921.26,1075.25,936.78,4434.15,663.3,263.48,160.05,107.35,86.78
20170430,138.8,374.5,138.41,192.88,130.7,59.61,991.12,7.44,12.13,1094.73,155.9,1961.16,362.1,28.72,1847.96,849.37,1063.54,939.95,4389.01,623.21,270.34,159.84,101.25,87.04
20170531,142.08,402.91,146.49,200.41,140.63,68.25,1019.95,8.02,12.13,1120.36,151.18,1983.48,371.48,28.43,1814.88,756.8,1083.05,949.83,4635.18,655.51,265.28,159.84,98.61,88.64
20170630,140.8,444.68,157.2,206.16,148.38,82.05,1065.81,8.1,12.13,1092.07,144.1,1998.25,381.22,27.83,1892.98,722.68,1098.07,936.24,4632.07,621.18,268.39,159.84,79.77,84.76
